chart_date,open,high,low,close,value
"Aug 03, 2009 00:00:00",4.85,4.85,4.6,4.7,538000.0
"Aug 04, 2009 00:00:00",4.7,4.7,4.5,4.7,176300.0
"Aug 06, 2009 00:00:00",4.55,4.8,4.55,4.8,1040650.0
"Aug 07, 2009 00:00:00",4.55,4.8,4.55,4.8,1049100.0
"Aug 10, 2009 00:00:00",4.7,4.75,4.4,4.75,2554300.0
"Aug 11, 2009 00:00:00",4.5,4.7,4.4,4.65,1106500.0
"Aug 12, 2009 00:00:00",4.5,4.7,4.3,4.7,2611350.0
"Aug 13, 2009 00:00:00",4.5,4.65,4.5,4.65,848650.0
"Aug 14, 2009 00:00:00",4.4,4.6,4.3,4.6,1297800.0
"Aug 17, 2009 00:00:00",4.3,4.7,4.3,4.7,3012800.0
"Aug 18, 2009 00:00:00",4.5,5.1,4.5,4.9,5741850.0
"Aug 19, 2009 00:00:00",4.85,4.85,4.8,4.85,366100.0
"Aug 20, 2009 00:00:00",4.8,4.8,4.5,4.7,1106050.0
"Aug 24, 2009 00:00:00",4.6,4.75,4.6,4.75,680700.0
"Aug 25, 2009 00:00:00",4.5,4.65,4.45,4.65,3116550.0
"Aug 26, 2009 00:00:00",4.6,4.65,4.45,4.55,649650.0
"Sep 03, 2009 00:00:00",4.25,4.4,4.25,4.35,616050.0
"Sep 04, 2009 00:00:00",4.3,4.45,4.15,4.45,252050.0
"Sep 16, 2009 00:00:00",4.3,4.6,4.0,4.35,11361450.0
"Sep 17, 2009 00:00:00",4.5,4.5,4.45,4.5,102650.0
"Sep 22, 2009 00:00:00",4.25,4.4,4.2,4.4,1358250.0
"Sep 23, 2009 00:00:00",4.35,4.4,4.35,4.4,56600.0
"Sep 30, 2009 00:00:00",4.0,4.2,3.85,4.15,4245800.0
"Oct 01, 2009 00:00:00",4.1,4.3,4.0,4.3,1892650.0
"Oct 02, 2009 00:00:00",4.0,4.5,4.0,4.5,1960100.0
"Oct 05, 2009 00:00:00",4.45,4.75,4.4,4.75,2504550.0
"Oct 06, 2009 00:00:00",4.65,4.75,4.6,4.75,2341500.0
"Oct 07, 2009 00:00:00",4.7,4.8,4.6,4.8,1141900.0
"Oct 08, 2009 00:00:00",4.8,5.0,4.8,5.0,1721750.0
"Oct 09, 2009 00:00:00",4.75,5.1,4.75,5.1,1258100.0
"Oct 12, 2009 00:00:00",4.95,5.7,4.95,5.7,1284150.0
"Oct 13, 2009 00:00:00",5.6,6.0,5.5,6.0,6781900.0
"Oct 14, 2009 00:00:00",5.8,6.0,5.8,6.0,1430500.0
"Oct 15, 2009 00:00:00",5.6,6.2,5.6,6.2,3178400.0
"Oct 16, 2009 00:00:00",5.9,6.2,5.9,6.2,2726400.0
"Oct 19, 2009 00:00:00",6.0,6.2,5.7,5.9,1405400.0
"Oct 20, 2009 00:00:00",5.8,6.1,5.8,6.1,1277300.0
"Oct 21, 2009 00:00:00",5.8,6.2,5.8,6.1,1979300.0
"Oct 22, 2009 00:00:00",6.0,6.2,5.9,6.2,655300.0
"Oct 23, 2009 00:00:00",5.9,6.2,5.9,6.2,1670600.0
"Oct 26, 2009 00:00:00",6.1,6.2,6.0,6.2,1317700.0
"Oct 27, 2009 00:00:00",5.8,9.0,5.8,9.0,3899500.0
"Oct 28, 2009 00:00:00",11.0,11.75,8.5,9.3,6143500.0
"Oct 29, 2009 00:00:00",8.8,9.3,8.5,9.3,2743800.0
"Oct 30, 2009 00:00:00",9.2,9.5,9.0,9.5,3141000.0
"Nov 03, 2009 00:00:00",9.4,9.5,8.5,9.4,5137400.0
"Nov 04, 2009 00:00:00",8.8,9.5,8.0,9.5,46091100.0
"Nov 05, 2009 00:00:00",8.8,9.5,8.8,9.5,1154600.0
"Nov 09, 2009 00:00:00",8.9,10.25,8.9,10.25,5300850.0
"Nov 10, 2009 00:00:00",9.8,10.5,9.8,10.5,1560250.0
"Nov 11, 2009 00:00:00",10.0,10.5,9.9,10.5,718250.0
"Dec 15, 2009 00:00:00",10.25,10.75,9.8,10.5,5308435.0
"Dec 16, 2009 00:00:00",10.25,10.75,10.0,10.75,2237325.0
"Dec 17, 2009 00:00:00",10.5,10.75,10.0,10.75,277875.0
"Dec 18, 2009 00:00:00",10.0,10.75,10.0,10.75,1196825.0
"Dec 21, 2009 00:00:00",10.25,10.75,10.25,10.75,211075.0
"Dec 22, 2009 00:00:00",10.5,10.75,10.5,10.75,74000.0
"Dec 23, 2009 00:00:00",10.25,11.0,10.0,11.0,4269250.0
"Dec 29, 2009 00:00:00",10.75,11.25,10.5,11.25,2129225.0
"Jan 04, 2010 00:00:00",10.5,11.25,10.5,11.25,796375.0
"Jan 05, 2010 00:00:00",10.5,11.25,10.0,10.25,3524725.0
"Jan 06, 2010 00:00:00",10.0,10.25,9.6,9.8,2227505.0
"Jan 07, 2010 00:00:00",9.6,9.8,9.5,9.8,767100.0
"Jan 11, 2010 00:00:00",9.3,9.7,9.3,9.7,125200.0
"Jan 12, 2010 00:00:00",9.4,9.9,9.4,9.9,891800.0
"Jan 18, 2010 00:00:00",9.2,9.9,9.2,9.9,1148200.0
"Jan 19, 2010 00:00:00",9.7,9.9,9.7,9.9,297098400.0
"Jan 22, 2010 00:00:00",9.0,9.9,9.0,9.9,384900.0
"Feb 09, 2010 00:00:00",8.3,10.0,6.7,10.0,1238200.0
"Feb 10, 2010 00:00:00",9.4,9.8,9.3,9.8,578500.0
"Feb 11, 2010 00:00:00",9.3,9.8,9.3,9.8,95000.0
"Mar 12, 2010 00:00:00",9.0,9.6,9.0,9.5,794200.0
"Mar 15, 2010 00:00:00",9.4,9.5,9.4,9.5,291500.0
"Mar 16, 2010 00:00:00",9.0,9.1,9.0,9.1,189100.0
"Mar 17, 2010 00:00:00",9.2,9.2,9.2,9.2,9200.0
"Apr 20, 2010 00:00:00",8.5,9.0,8.5,9.0,2935100.0
"Apr 29, 2010 00:00:00",8.7,9.2,8.7,9.0,1404600.0
"Apr 30, 2010 00:00:00",8.2,8.6,8.2,8.6,90600.0
"May 04, 2010 00:00:00",8.5,8.8,8.5,8.8,198500.0
"May 05, 2010 00:00:00",8.0,8.8,8.0,8.8,3190100.0
"May 13, 2010 00:00:00",9.2,9.2,8.3,8.6,10761800.0
"May 14, 2010 00:00:00",8.7,8.8,8.7,8.7,470000.0
"May 17, 2010 00:00:00",8.8,8.9,8.7,8.9,536400.0
"May 18, 2010 00:00:00",8.9,9.0,8.9,9.0,223000.0
"May 21, 2010 00:00:00",8.7,8.7,8.7,8.7,43500.0
"May 24, 2010 00:00:00",8.8,9.0,8.7,9.0,393200.0
"May 25, 2010 00:00:00",8.3,9.3,8.3,9.3,920700.0
"May 31, 2010 00:00:00",8.6,9.3,8.6,9.3,330300.0
"Jun 01, 2010 00:00:00",9.0,9.2,9.0,9.2,18200.0
"Jun 02, 2010 00:00:00",9.3,9.3,9.2,9.3,92500.0
"Jun 03, 2010 00:00:00",9.2,9.3,9.2,9.3,27700.0
"Jun 04, 2010 00:00:00",8.7,9.2,8.7,9.2,133500.0
"Jun 07, 2010 00:00:00",9.0,9.2,9.0,9.2,27400.0
"Jun 08, 2010 00:00:00",9.1,9.2,9.1,9.2,27400.0
"Jun 09, 2010 00:00:00",9.2,9.3,9.2,9.3,405200.0
"Jun 10, 2010 00:00:00",8.7,9.3,8.7,9.3,688100.0
"Jun 15, 2010 00:00:00",8.6,9.2,8.4,9.2,1864600.0
"Jun 21, 2010 00:00:00",8.6,8.7,8.1,8.7,1700400.0
"Jun 22, 2010 00:00:00",8.7,8.7,8.7,8.7,8700.0
"Jun 24, 2010 00:00:00",8.1,8.7,7.9,8.4,2841600.0
"Jun 29, 2010 00:00:00",7.8,8.2,7.8,8.2,88900.0
"Jul 02, 2010 00:00:00",7.3,7.9,7.3,7.9,46100.0
"Jul 06, 2010 00:00:00",7.6,7.6,7.1,7.6,1684900.0
"Jul 07, 2010 00:00:00",7.4,7.8,7.2,7.7,2463100.0
"Jul 08, 2010 00:00:00",7.7,7.8,7.7,7.8,830000.0
"Jul 16, 2010 00:00:00",7.4,7.6,7.2,7.4,4220800.0
"Jul 20, 2010 00:00:00",7.1,7.3,7.1,7.3,57000.0
"Jul 21, 2010 00:00:00",7.3,7.3,7.3,7.3,7300.0
"Jul 22, 2010 00:00:00",7.0,7.3,7.0,7.3,259800.0
"Jul 23, 2010 00:00:00",7.2,7.4,7.2,7.4,590400.0
"Sep 22, 2010 00:00:00",6.9,7.0,6.9,7.0,251040.0
"Sep 23, 2010 00:00:00",7.0,7.24,6.51,7.23,1386712.0
"Sep 24, 2010 00:00:00",6.71,7.48,6.71,7.47,1080017.0
"Sep 28, 2010 00:00:00",6.3,7.7,6.3,7.7,2153818.0
"Sep 29, 2010 00:00:00",6.94,7.9,6.94,7.89,1733880.0
"Sep 30, 2010 00:00:00",7.5,8.1,6.82,8.1,3055431.0
"Oct 01, 2010 00:00:00",7.7,8.5,7.7,8.5,1035670.0
"Oct 12, 2010 00:00:00",8.5,8.5,7.5,8.5,9020.0
"Oct 14, 2010 00:00:00",8.5,8.7,8.5,8.7,439550.0
"Oct 18, 2010 00:00:00",7.9,8.4,7.9,8.4,1630.0
"Oct 19, 2010 00:00:00",8.4,8.5,8.4,8.5,420850.0
"Oct 29, 2010 00:00:00",7.5,8.3,7.5,8.3,9880.0
"Nov 02, 2010 00:00:00",7.5,8.5,7.5,8.5,1489454.0
"Nov 12, 2010 00:00:00",7.9,8.4,7.9,8.4,40965.0
"Nov 15, 2010 00:00:00",8.36,8.5,8.36,8.5,520884.0
"Nov 22, 2010 00:00:00",8.69,12.74,8.5,8.6,242650.0
"Nov 23, 2010 00:00:00",9.4,9.4,9.4,9.4,940.0
"Nov 30, 2010 00:00:00",8.4,8.4,7.9,7.9,42967960.0
"Dec 01, 2010 00:00:00",8.9,8.9,8.9,8.9,4450.0
"Dec 23, 2010 00:00:00",7.3,7.8,7.3,7.8,143040.0
"Dec 28, 2010 00:00:00",6.1,8.45,6.1,8.45,4740.0
"Dec 28, 2010 00:00:00",6.1,8.45,6.1,8.45,4740.0
"Dec 28, 2010 00:00:00",6.1,8.45,6.1,8.45,4740.0
"Dec 28, 2010 00:00:00",6.1,8.45,6.1,8.45,4740.0
"Dec 28, 2010 00:00:00",6.1,8.45,6.1,8.45,4740.0
"Dec 28, 2010 00:00:00",6.1,8.45,6.1,8.45,4740.0
"Dec 28, 2010 00:00:00",6.1,8.45,6.1,8.45,4740.0
"Dec 28, 2010 00:00:00",6.1,8.45,6.1,8.45,4740.0
"Dec 28, 2010 00:00:00",6.1,8.45,6.1,8.45,4740.0
"Dec 28, 2010 00:00:00",6.1,8.45,6.1,8.45,4740.0
"Dec 28, 2010 00:00:00",6.1,8.45,6.1,8.45,4740.0
"Dec 28, 2010 00:00:00",6.1,8.45,6.1,8.45,4740.0
"Dec 28, 2010 00:00:00",6.1,8.45,6.1,8.45,4740.0
"Dec 28, 2010 00:00:00",6.1,8.45,6.1,8.45,4740.0
"Dec 28, 2010 00:00:00",6.1,8.45,6.1,8.45,4740.0
"Dec 28, 2010 00:00:00",6.1,8.45,6.1,8.45,4740.0
"Dec 28, 2010 00:00:00",6.1,8.45,6.1,8.45,4740.0
"Dec 28, 2010 00:00:00",6.1,8.45,6.1,8.45,4740.0
"Dec 28, 2010 00:00:00",6.1,8.45,6.1,8.45,4740.0
"Dec 28, 2010 00:00:00",6.1,8.45,6.1,8.45,4740.0
"Dec 28, 2010 00:00:00",6.1,8.45,6.1,8.45,4740.0
"Dec 29, 2010 00:00:00",6.12,8.45,6.12,8.45,8043.0
"Dec 29, 2010 00:00:00",6.12,8.45,6.12,8.45,8043.0
"Jan 04, 2011 00:00:00",6.1,8.45,6.1,8.45,9355.0
"Jan 05, 2011 00:00:00",8.45,8.45,8.45,8.45,845.0
"Jan 10, 2011 00:00:00",6.1,8.45,6.1,8.45,24690.0
"Jan 11, 2011 00:00:00",6.1,8.45,6.1,8.45,6945.0
"Jan 11, 2011 00:00:00",6.1,8.45,6.1,8.45,6945.0
"Jan 18, 2011 00:00:00",7.5,8.45,7.5,8.45,153545.0
"Jan 19, 2011 00:00:00",7.5,8.5,7.5,8.5,142645.0
"Jan 19, 2011 00:00:00",7.5,8.5,7.5,8.5,142645.0
"Feb 03, 2011 00:00:00",8.4,8.4,8.4,8.4,4200000.0
"Feb 14, 2011 00:00:00",7.5,7.5,6.5,7.2,196070.0
"Feb 16, 2011 00:00:00",5.5,5.5,5.0,5.39,539489.0
"Feb 16, 2011 00:00:00",5.5,5.5,5.0,5.39,539489.0
"Feb 17, 2011 00:00:00",5.35,5.35,5.3,5.35,36115.0
"Feb 21, 2011 00:00:00",5.2,6.0,5.2,6.0,1466175.0
"Feb 21, 2011 00:00:00",5.2,6.0,5.2,6.0,1466175.0
"Feb 22, 2011 00:00:00",5.99,6.0,5.0,5.8,238766.0
"Feb 22, 2011 00:00:00",5.99,6.0,5.0,5.8,238766.0
"Feb 23, 2011 00:00:00",5.48,5.8,5.39,5.39,216587.0
"Feb 23, 2011 00:00:00",5.48,5.8,5.39,5.39,216587.0
"Feb 24, 2011 00:00:00",5.7,5.7,5.0,5.3,254005.0
"Feb 24, 2011 00:00:00",5.7,5.7,5.0,5.3,254005.0
"Feb 25, 2011 00:00:00",5.0,5.29,4.9,4.9,116973.0
"Feb 28, 2011 00:00:00",5.0,5.19,4.8,5.19,126080.0
"Mar 02, 2011 00:00:00",5.18,5.18,4.75,5.1,411395.0
"Mar 07, 2011 00:00:00",4.4,4.4,4.0,4.0,1101309.0
"Mar 08, 2011 00:00:00",4.4,4.4,4.4,4.4,13200.0
"Mar 08, 2011 00:00:00",4.4,4.4,4.4,4.4,13200.0
"Mar 11, 2011 00:00:00",4.15,4.28,4.15,4.19,125780.0
"Mar 11, 2011 00:00:00",4.15,4.28,4.15,4.19,125780.0
"Mar 17, 2011 00:00:00",4.0,4.17,4.0,4.17,24170.0
"Mar 23, 2011 00:00:00",3.81,4.15,3.81,3.98,481570.0
"Mar 24, 2011 00:00:00",4.12,4.12,3.9,4.06,112070.0
"Mar 25, 2011 00:00:00",4.06,4.13,4.06,4.13,16310.0
"Mar 29, 2011 00:00:00",3.7,4.11,3.61,3.9,671450.0
"Mar 30, 2011 00:00:00",3.53,3.87,3.53,3.87,7400.0
"Mar 31, 2011 00:00:00",3.7,3.86,3.7,3.84,34310.0
"Apr 01, 2011 00:00:00",3.89,3.9,3.89,3.9,7790.0
"Apr 04, 2011 00:00:00",3.53,3.9,3.52,3.9,126290.0
"Apr 05, 2011 00:00:00",4.1,4.1,4.1,4.1,4100.0
"Apr 07, 2011 00:00:00",3.79,3.79,3.79,3.79,3790.0
"Apr 08, 2011 00:00:00",4.0,4.09,3.9,4.08,97170.0
"Apr 11, 2011 00:00:00",4.09,4.09,4.09,4.09,4090.0
"May 02, 2011 00:00:00",3.61,4.1,3.4,4.1,163300.0
"May 06, 2011 00:00:00",3.6,4.05,3.6,4.05,23550.0
"May 11, 2011 00:00:00",4.05,4.16,4.05,4.16,105710.0
"May 19, 2011 00:00:00",3.48,4.0,3.48,4.0,95300.0
"May 20, 2011 00:00:00",3.75,3.99,3.75,3.99,7740.0
"May 24, 2011 00:00:00",3.5,3.98,3.5,3.98,25280.0
"May 26, 2011 00:00:00",3.45,3.9,3.45,3.9,45630.0
"May 27, 2011 00:00:00",3.98,3.98,3.98,3.98,3980.0
"May 30, 2011 00:00:00",3.98,4.15,3.98,4.15,35990.0
"Jun 03, 2011 00:00:00",3.99,3.99,3.99,3.99,147630.0
"Jun 10, 2011 00:00:00",3.43,3.98,3.43,3.98,11110.0
"Jun 21, 2011 00:00:00",3.44,3.88,3.44,3.88,7320.0
"Jul 20, 2011 00:00:00",3.69,3.8,3.55,3.8,97990.0
"Jul 27, 2011 00:00:00",3.5,3.8,3.5,3.8,18650.0
"Aug 02, 2011 00:00:00",3.83,3.83,3.83,3.83,3830.0
"Aug 08, 2011 00:00:00",3.5,3.83,3.5,3.83,163660.0
"Aug 10, 2011 00:00:00",3.88,3.88,3.88,3.88,3880.0
"Aug 16, 2011 00:00:00",3.43,3.84,3.43,3.84,22350.0
"Aug 17, 2011 00:00:00",3.87,3.87,3.87,3.87,3870.0
"Aug 23, 2011 00:00:00",3.0,3.87,3.0,3.87,21310.0
"Aug 31, 2011 00:00:00",3.0,3.79,3.0,3.79,147790.0
"Sep 05, 2011 00:00:00",3.01,3.79,3.01,3.79,6800.0
"Sep 07, 2011 00:00:00",3.0,3.0,3.0,3.0,60000.0
"Sep 08, 2011 00:00:00",3.0,3.74,3.0,3.74,39910.0
"Sep 14, 2011 00:00:00",3.02,3.74,3.01,3.47,89430.0
"Sep 16, 2011 00:00:00",3.0,3.47,3.0,3.47,20280.0
"Oct 14, 2011 00:00:00",3.47,3.47,3.47,3.47,770340.0
"Oct 17, 2011 00:00:00",3.75,3.75,3.75,3.75,3750.0
"Oct 21, 2011 00:00:00",3.2,3.75,3.0,3.64,382020.0
"Oct 24, 2011 00:00:00",3.01,3.55,3.0,3.55,28160.0
"Oct 25, 2011 00:00:00",3.4,3.55,3.4,3.55,48500.0
"Oct 27, 2011 00:00:00",3.59,3.6,3.59,3.6,14370.0
"Nov 11, 2011 00:00:00",3.08,3.6,2.77,2.78,1467380.0
"Nov 14, 2011 00:00:00",2.91,2.99,2.8,2.89,780350.0
"Nov 15, 2011 00:00:00",3.2,3.2,2.8,3.15,690470.0
"Nov 16, 2011 00:00:00",2.81,3.02,2.8,2.98,161250.0
"Nov 17, 2011 00:00:00",2.83,2.94,2.8,2.94,51170.0
"Nov 18, 2011 00:00:00",2.85,2.97,2.8,2.96,199180.0
"Nov 22, 2011 00:00:00",2.92,2.96,2.92,2.96,14680.0
"Nov 23, 2011 00:00:00",2.81,2.92,2.7,2.79,333910.0
"Nov 24, 2011 00:00:00",2.7,2.8,2.3,2.49,1770180.0
"Nov 25, 2011 00:00:00",2.4,2.5,2.4,2.5,424010.0
"Nov 29, 2011 00:00:00",2.35,2.5,2.35,2.5,4850.0
"Dec 01, 2011 00:00:00",2.53,2.71,2.36,2.65,106340.0
"Dec 02, 2011 00:00:00",2.5,2.65,2.5,2.65,99060.0
"Dec 06, 2011 00:00:00",2.36,2.58,2.36,2.58,12020.0
"Dec 08, 2011 00:00:00",2.36,2.58,2.36,2.58,9880.0
"Dec 09, 2011 00:00:00",2.37,2.57,2.37,2.57,60830.0
"Dec 12, 2011 00:00:00",2.55,2.69,2.55,2.69,119890.0
"Dec 13, 2011 00:00:00",2.38,2.69,2.38,2.4,20870.0
"Dec 14, 2011 00:00:00",2.64,2.65,2.45,2.64,120220.0
"Dec 15, 2011 00:00:00",2.48,2.65,2.48,2.65,65550.0
"Dec 16, 2011 00:00:00",2.55,2.68,2.55,2.68,29140.0
"Dec 19, 2011 00:00:00",2.57,2.67,2.57,2.67,37040.0
"Dec 20, 2011 00:00:00",2.69,2.69,2.69,2.69,5380.0
"Dec 22, 2011 00:00:00",2.55,2.69,2.55,2.69,5240.0
"Dec 23, 2011 00:00:00",2.55,2.69,2.55,2.69,7790.0
"Dec 28, 2011 00:00:00",2.48,2.69,2.46,2.69,38050.0
"Jan 02, 2012 00:00:00",2.69,2.69,2.69,2.69,10760.0
"Jan 03, 2012 00:00:00",2.6,2.68,2.6,2.68,15680.0
"Jan 06, 2012 00:00:00",2.45,2.65,2.41,2.65,56260.0
"Jan 13, 2012 00:00:00",2.38,2.66,2.38,2.66,46530.0
"Jan 16, 2012 00:00:00",2.65,2.74,2.65,2.74,32190.0
"Feb 03, 2012 00:00:00",2.7,2.99,2.7,2.99,313880.0
"Feb 06, 2012 00:00:00",2.94,3.1,2.81,3.1,496540.0
"Feb 07, 2012 00:00:00",3.3,3.3,3.3,3.3,3300.0
"Feb 08, 2012 00:00:00",3.4,3.4,3.4,3.4,176800.0
"Feb 09, 2012 00:00:00",3.45,3.45,3.4,3.4,10250.0
"Feb 14, 2012 00:00:00",2.67,3.39,2.67,3.39,94970.0
"Feb 16, 2012 00:00:00",2.71,3.25,2.64,3.25,329670.0
"Feb 21, 2012 00:00:00",2.75,3.06,2.75,3.06,22950.0
"Feb 22, 2012 00:00:00",3.06,3.06,2.73,2.9,267300.0
"Feb 23, 2012 00:00:00",2.75,2.95,2.73,2.95,112570.0
"Feb 24, 2012 00:00:00",2.73,2.89,2.73,2.89,5620.0
"Feb 27, 2012 00:00:00",2.93,2.93,2.62,2.9,48260.0
"Feb 29, 2012 00:00:00",2.82,2.82,2.82,2.82,59220.0
"Mar 09, 2012 00:00:00",2.83,2.83,2.83,2.83,2830.0
"Mar 12, 2012 00:00:00",2.55,2.79,2.55,2.79,5340.0
"Mar 13, 2012 00:00:00",2.82,2.82,2.82,2.82,2820.0
"Mar 14, 2012 00:00:00",2.56,2.75,2.38,2.75,268870.0
"Mar 15, 2012 00:00:00",2.38,2.68,2.33,2.64,97180.0
"Mar 16, 2012 00:00:00",2.65,2.72,2.34,2.72,281000.0
"Mar 19, 2012 00:00:00",2.73,2.73,2.73,2.73,2730.0
"Mar 23, 2012 00:00:00",2.73,2.73,2.35,2.73,175180.0
"Apr 11, 2012 00:00:00",2.33,2.73,2.33,2.72,122180.0
"Apr 12, 2012 00:00:00",2.45,2.73,2.31,2.73,126920.0
"Apr 26, 2012 00:00:00",2.09,2.54,2.09,2.54,4630.0
"May 18, 2012 00:00:00",2.09,2.4,2.09,2.4,257740.0
"May 21, 2012 00:00:00",2.4,2.44,2.39,2.4,62390.0
"May 22, 2012 00:00:00",2.29,2.29,2.0,2.29,240470.0
"May 23, 2012 00:00:00",2.27,2.27,2.26,2.26,13580.0
"May 24, 2012 00:00:00",2.26,2.26,2.26,2.26,9040.0
"May 25, 2012 00:00:00",2.2,2.28,1.95,2.22,98600.0
"May 29, 2012 00:00:00",2.26,2.26,2.26,2.26,2260.0
"Jun 04, 2012 00:00:00",2.29,2.29,2.29,2.29,2290.0
"Jun 06, 2012 00:00:00",2.28,2.3,2.28,2.3,196219.99999999997
"Jun 07, 2012 00:00:00",2.3,2.6,2.3,2.6,7340.0
"Jun 25, 2012 00:00:00",2.02,2.55,2.02,2.55,25100.0
"Jun 26, 2012 00:00:00",2.55,2.75,2.53,2.69,734440.0
"Jun 27, 2012 00:00:00",2.69,2.8,2.6,2.8,429960.0
"Jun 28, 2012 00:00:00",2.8,2.8,2.52,2.58,214370.0
"Jun 29, 2012 00:00:00",2.78,2.78,2.58,2.67,79860.0
"Jul 02, 2012 00:00:00",2.7,2.7,2.7,2.7,2700.0
"Jul 03, 2012 00:00:00",2.74,2.74,2.7,2.7,18940.0
"Jul 04, 2012 00:00:00",2.5,2.74,2.5,2.74,27740.0
"Jul 05, 2012 00:00:00",2.72,2.72,2.72,2.72,13600.0
"Jul 10, 2012 00:00:00",2.5,2.73,2.5,2.73,52730.0
"Jul 12, 2012 00:00:00",2.42,2.72,2.41,2.72,55750.0
"Jul 24, 2012 00:00:00",2.5,2.7,2.34,2.34,12730.0
"Jul 25, 2012 00:00:00",2.69,2.7,2.45,2.67,280610.0
"Jul 26, 2012 00:00:00",2.7,3.12,2.6,3.0,2543690.0
"Jul 27, 2012 00:00:00",3.1,3.12,2.8,3.1,2769880.0
"Jul 30, 2012 00:00:00",3.15,3.39,3.1,3.28,6305550.0
"Jul 31, 2012 00:00:00",3.41,3.5,3.29,3.43,4000810.0
"Aug 01, 2012 00:00:00",3.51,3.51,3.29,3.43,3473760.0
"Aug 02, 2012 00:00:00",3.4,3.52,3.32,3.45,3264200.0
"Aug 03, 2012 00:00:00",3.48,3.48,3.15,3.4,196850.0
"Aug 06, 2012 00:00:00",3.43,3.45,2.87,3.1,1888560.0
"Aug 08, 2012 00:00:00",2.87,3.19,2.85,3.1,200540.0
"Aug 09, 2012 00:00:00",2.86,3.1,2.86,3.01,181270.0
"Aug 10, 2012 00:00:00",2.9,3.06,2.83,3.03,161060.0
"Aug 13, 2012 00:00:00",2.82,3.08,2.82,3.08,51020.0
"Aug 14, 2012 00:00:00",2.86,3.04,2.82,2.95,128950.0
"Aug 15, 2012 00:00:00",2.82,2.95,2.77,2.95,13302810.0
"Aug 16, 2012 00:00:00",2.77,2.9,2.67,2.88,205820.0
"Aug 17, 2012 00:00:00",2.81,3.0,2.81,3.0,800900.0
"Aug 22, 2012 00:00:00",2.95,3.05,2.78,3.0,1615490.0
"Aug 23, 2012 00:00:00",3.0,3.12,2.7,2.95,811940.0
"Aug 30, 2012 00:00:00",2.89,3.0,2.7,2.99,356170.0
"Aug 31, 2012 00:00:00",3.02,3.02,2.4,2.4,875850.0
"Sep 03, 2012 00:00:00",2.4,2.4,1.88,1.88,6093400.0
"Sep 04, 2012 00:00:00",1.88,1.94,1.8,1.9,577620.0
"Sep 06, 2012 00:00:00",1.92,1.92,1.92,1.92,1920.0
"Sep 07, 2012 00:00:00",1.75,1.84,1.6,1.61,4725570.0
"Sep 10, 2012 00:00:00",1.65,1.68,1.63,1.67,312990.0
"Sep 11, 2012 00:00:00",1.67,1.74,1.6,1.7,1059200.0
"Sep 12, 2012 00:00:00",1.7,1.7,1.66,1.7,88620.0
"Sep 13, 2012 00:00:00",1.69,1.69,1.65,1.67,151090.0
"Sep 14, 2012 00:00:00",1.7,1.7,1.6,1.65,1096880.0
"Sep 17, 2012 00:00:00",1.65,1.67,1.6,1.67,173720.0
"Sep 18, 2012 00:00:00",1.62,1.65,1.59,1.65,374710.0
"Sep 19, 2012 00:00:00",1.64,1.66,1.6,1.66,101790.0
"Sep 20, 2012 00:00:00",1.6,1.65,1.6,1.65,167000.0
"Sep 21, 2012 00:00:00",1.65,1.65,1.6,1.64,179730.0
"Sep 24, 2012 00:00:00",1.6,1.64,1.58,1.64,287210.0
"Sep 25, 2012 00:00:00",1.64,1.68,1.64,1.68,23250.0
"Sep 28, 2012 00:00:00",1.58,1.65,1.55,1.65,629070.0
"Oct 01, 2012 00:00:00",1.65,1.65,1.58,1.65,513700.0
"Oct 02, 2012 00:00:00",1.64,1.65,1.6,1.65,359840.0
"Oct 04, 2012 00:00:00",1.63,1.63,1.52,1.62,234530.0
"Oct 05, 2012 00:00:00",1.53,1.6,1.48,1.6,335880.0
"Oct 08, 2012 00:00:00",1.48,1.6,1.45,1.6,547160.0
"Oct 09, 2012 00:00:00",1.63,1.63,1.63,1.63,1630.0
"Oct 11, 2012 00:00:00",1.63,1.63,1.63,1.63,24450.0
"Oct 12, 2012 00:00:00",1.65,1.65,1.48,1.59,132680.0
"Oct 15, 2012 00:00:00",1.61,1.61,1.61,1.61,1610.0
"Oct 17, 2012 00:00:00",1.5,1.58,1.4,1.57,929800.0
"Oct 19, 2012 00:00:00",1.41,1.57,1.41,1.57,242060.0
"Oct 22, 2012 00:00:00",1.41,1.54,1.36,1.5,1338610.0
"Oct 23, 2012 00:00:00",1.46,1.47,1.35,1.36,6293630.0
"Oct 24, 2012 00:00:00",1.35,1.43,1.35,1.4,1859560.0
"Oct 25, 2012 00:00:00",1.36,1.42,1.36,1.41,87350.00000000001
"Oct 30, 2012 00:00:00",1.35,1.39,1.35,1.39,29840.0
"Oct 31, 2012 00:00:00",1.41,1.41,1.35,1.35,19400.0
"Nov 05, 2012 00:00:00",1.44,1.54,1.34,1.34,169450.0
"Nov 06, 2012 00:00:00",1.35,1.5,1.34,1.41,107130.0
"Nov 07, 2012 00:00:00",1.34,1.41,1.34,1.4,14940.0
"Nov 08, 2012 00:00:00",1.37,1.4,1.37,1.4,12390.0
"Nov 09, 2012 00:00:00",1.4,1.57,1.38,1.51,255510.0
"Nov 14, 2012 00:00:00",1.45,1.51,1.4,1.51,31010.0
"Nov 16, 2012 00:00:00",1.52,1.52,1.36,1.5,199260.0
"Nov 19, 2012 00:00:00",1.48,1.48,1.35,1.46,218170.0
"Nov 20, 2012 00:00:00",1.35,1.44,1.3,1.41,299610.0
"Nov 21, 2012 00:00:00",1.28,1.4,1.18,1.39,570090.0
"Nov 22, 2012 00:00:00",1.2,1.32,1.05,1.06,3057370.0
"Nov 23, 2012 00:00:00",1.1,1.12,1.02,1.1,476890.0
"Nov 26, 2012 00:00:00",1.11,1.11,1.03,1.1,229460.0
"Nov 27, 2012 00:00:00",1.05,1.2,1.05,1.11,196200.0
"Nov 28, 2012 00:00:00",1.14,1.15,1.05,1.15,228970.0
"Nov 29, 2012 00:00:00",1.15,1.19,1.15,1.19,8170.0
"Dec 03, 2012 00:00:00",1.06,1.17,1.05,1.17,27490.0
"Dec 04, 2012 00:00:00",1.14,1.14,1.05,1.13,257270.0
"Dec 05, 2012 00:00:00",1.04,1.17,1.03,1.16,145040.0
"Dec 06, 2012 00:00:00",1.08,1.13,1.08,1.13,109130.0
"Dec 07, 2012 00:00:00",1.04,1.1,1.01,1.1,14530.0
"Dec 10, 2012 00:00:00",1.02,1.1,1.0,1.07,281480.0
"Dec 11, 2012 00:00:00",1.0,1.07,0.98,1.06,188180.0
"Dec 12, 2012 00:00:00",0.99,1.05,0.97,1.05,129200.0
"Dec 14, 2012 00:00:00",0.97,1.05,0.95,1.04,259890.0
"Dec 17, 2012 00:00:00",0.95,1.04,0.92,1.04,374120.0
"Dec 20, 2012 00:00:00",0.94,1.03,0.9,1.01,79180.0
"Dec 21, 2012 00:00:00",0.91,1.0,0.91,0.98,283110.0
"Dec 26, 2012 00:00:00",0.98,1.01,0.92,1.0,234480.0
"Dec 27, 2012 00:00:00",0.99,1.0,0.98,0.99,76150.0
"Dec 28, 2012 00:00:00",0.96,0.98,0.94,0.97,267990.0
"Jan 02, 2013 00:00:00",0.95,0.97,0.9,0.97,323570.0
"Jan 03, 2013 00:00:00",0.94,0.96,0.92,0.95,156450.0
"Jan 04, 2013 00:00:00",0.95,0.98,0.9,0.95,1999280.0
"Jan 07, 2013 00:00:00",0.95,1.04,0.95,1.03,54490.0
"Jan 08, 2013 00:00:00",0.95,1.0,0.95,0.95,49450.0
"Jan 09, 2013 00:00:00",0.96,1.02,0.9,0.91,2032740.0
"Jan 10, 2013 00:00:00",0.91,0.94,0.9,0.93,432070.0
"Jan 11, 2013 00:00:00",0.93,0.94,0.91,0.94,111470.0
"Jan 14, 2013 00:00:00",0.91,0.93,0.9,0.93,18950.0
"Jan 15, 2013 00:00:00",0.91,0.91,0.89,0.91,139100.0
"Jan 16, 2013 00:00:00",0.9,0.9,0.89,0.9,408130.0
"Jan 17, 2013 00:00:00",0.88,0.9,0.88,0.9,86760.0
"Jan 18, 2013 00:00:00",0.9,0.91,0.88,0.91,72640.0
"Jan 21, 2013 00:00:00",0.91,0.92,0.91,0.92,11020.0
"Jan 22, 2013 00:00:00",0.91,0.94,0.91,0.94,229950.0
"Jan 23, 2013 00:00:00",0.93,0.94,0.91,0.94,40540.0
"Jan 28, 2013 00:00:00",0.94,0.94,0.94,0.94,940.0
"Jan 29, 2013 00:00:00",0.93,1.02,0.93,1.0,1053930.0
"Jan 30, 2013 00:00:00",0.92,0.92,0.9,0.9,11920.0
"Jan 31, 2013 00:00:00",0.98,0.98,0.91,0.91,474270.0
"Feb 01, 2013 00:00:00",0.92,0.99,0.92,0.98,226800.0
"Feb 04, 2013 00:00:00",0.99,1.04,0.99,1.03,637000.0
"Feb 05, 2013 00:00:00",0.94,1.04,0.93,1.02,358360.0
"Feb 06, 2013 00:00:00",1.03,1.05,0.99,1.02,123710.0
"Feb 07, 2013 00:00:00",1.05,1.05,1.0,1.04,72290.0
"Feb 08, 2013 00:00:00",1.04,1.04,1.0,1.04,52080.0
"Feb 11, 2013 00:00:00",1.05,1.05,1.01,1.01,51550.0
"Feb 12, 2013 00:00:00",1.02,1.04,0.97,0.97,192810.0
"Feb 13, 2013 00:00:00",1.04,1.04,0.97,1.03,70160.0
"Feb 14, 2013 00:00:00",1.03,1.03,1.03,1.03,103000.0
"Feb 15, 2013 00:00:00",1.04,1.04,0.99,1.04,18100.0
"Feb 18, 2013 00:00:00",0.99,1.04,0.91,0.97,949130.0
"Feb 19, 2013 00:00:00",0.95,1.02,0.93,1.02,345650.0
"Feb 20, 2013 00:00:00",0.93,0.95,0.93,0.95,9460.0
"Feb 21, 2013 00:00:00",0.95,0.95,0.92,0.93,212820.0
"Feb 22, 2013 00:00:00",0.93,0.95,0.93,0.93,86560.0
"Feb 25, 2013 00:00:00",0.93,0.94,0.93,0.94,6560.0
"Feb 26, 2013 00:00:00",0.93,0.94,0.92,0.94,93500.0
"Mar 01, 2013 00:00:00",0.97,0.97,0.97,0.97,194000.0
"Mar 05, 2013 00:00:00",0.97,0.97,0.97,0.97,30070.0
"Mar 06, 2013 00:00:00",0.95,0.95,0.95,0.95,10450.0
"Mar 07, 2013 00:00:00",0.98,0.98,0.96,0.96,52840.0
"Mar 08, 2013 00:00:00",0.96,0.96,0.96,0.96,192000.0
"Mar 11, 2013 00:00:00",0.96,0.96,0.94,0.94,62100.0
"Mar 12, 2013 00:00:00",0.95,0.95,0.95,0.95,25650.0
"Mar 13, 2013 00:00:00",0.95,0.95,0.95,0.95,11400.0
"Mar 14, 2013 00:00:00",0.98,0.98,0.98,0.98,196000.0
"Mar 15, 2013 00:00:00",0.98,0.99,0.98,0.99,170260.0
"Mar 19, 2013 00:00:00",0.96,1.02,0.96,1.02,30810.0
"Mar 20, 2013 00:00:00",0.96,0.96,0.95,0.95,235120.0
"Mar 21, 2013 00:00:00",1.04,1.04,1.03,1.03,7220.0
"Mar 22, 2013 00:00:00",0.96,0.96,0.96,0.96,11520.0
"Mar 25, 2013 00:00:00",1.0,1.03,1.0,1.03,6120.0
"Mar 26, 2013 00:00:00",1.03,1.05,1.0,1.0,309340.0
"Mar 27, 2013 00:00:00",1.0,1.17,1.0,1.17,360000.0
"Apr 01, 2013 00:00:00",1.17,1.17,1.07,1.07,119460.0
"Apr 02, 2013 00:00:00",1.06,1.12,1.06,1.12,77200.0
"Apr 03, 2013 00:00:00",1.13,1.15,1.05,1.05,121070.0
"Apr 04, 2013 00:00:00",1.19,1.57,1.18,1.45,3301400.0
"Apr 05, 2013 00:00:00",1.41,1.55,1.3,1.4,1685050.0
"Apr 08, 2013 00:00:00",1.31,1.53,1.31,1.42,449030.0
"Apr 10, 2013 00:00:00",1.38,1.42,1.38,1.42,9900.0
"Apr 11, 2013 00:00:00",1.39,1.39,1.36,1.36,834760.0
"Apr 12, 2013 00:00:00",1.4,1.4,1.32,1.38,353820.0
"Apr 15, 2013 00:00:00",1.32,1.4,1.3,1.4,345920.0
"Apr 16, 2013 00:00:00",1.35,1.46,1.35,1.46,609190.0
"Apr 17, 2013 00:00:00",1.4,1.5,1.35,1.35,215750.0
"Apr 18, 2013 00:00:00",1.45,1.45,1.45,1.45,36250.0
"Apr 19, 2013 00:00:00",1.4,1.67,1.4,1.51,1749570.0
"Apr 22, 2013 00:00:00",1.58,1.6,1.42,1.42,129450.0
"Apr 23, 2013 00:00:00",1.56,1.65,1.5,1.62,554600.0
"Apr 24, 2013 00:00:00",1.67,1.67,1.62,1.62,8150.0
"Apr 26, 2013 00:00:00",1.64,1.69,1.64,1.69,24980.0
"Apr 29, 2013 00:00:00",1.51,1.52,1.47,1.5,290420.0
"Apr 30, 2013 00:00:00",1.59,1.59,1.59,1.59,159000.0
"May 03, 2013 00:00:00",1.48,1.48,1.47,1.48,122780.0
"May 07, 2013 00:00:00",1.45,1.45,1.36,1.43,150080.0
"May 09, 2013 00:00:00",1.35,1.66,1.35,1.66,144430.0
"May 14, 2013 00:00:00",1.61,1.64,1.6,1.6,67500.0
"May 16, 2013 00:00:00",1.58,1.6,1.58,1.6,454120.0
"May 21, 2013 00:00:00",1.42,1.42,1.42,1.42,17040.0
"May 23, 2013 00:00:00",1.43,1.59,1.06,1.15,113490.0
"May 24, 2013 00:00:00",1.21,1.21,1.21,1.21,48400.0
"May 27, 2013 00:00:00",1.22,1.22,1.2,1.2,24320.0
"May 28, 2013 00:00:00",1.3,1.3,1.3,1.3,7800.0
"May 30, 2013 00:00:00",1.21,1.21,1.16,1.16,65800.0
"May 31, 2013 00:00:00",1.21,1.21,1.21,1.21,84700.0
"Jun 03, 2013 00:00:00",1.15,1.15,1.15,1.15,13799.999999999998
"Jun 05, 2013 00:00:00",1.15,1.18,1.15,1.18,75860.0
"Jun 06, 2013 00:00:00",1.14,1.21,1.14,1.21,121000.0
"Jun 10, 2013 00:00:00",1.25,1.25,1.25,1.25,12500.0
"Jun 11, 2013 00:00:00",1.19,1.26,1.18,1.26,53270.0
"Jun 13, 2013 00:00:00",1.42,1.42,1.19,1.19,6860.0
"Jun 17, 2013 00:00:00",1.19,1.3,1.19,1.3,448830.0
"Jun 18, 2013 00:00:00",1.22,1.22,1.2,1.2,50500.0
"Jun 19, 2013 00:00:00",1.21,1.21,1.18,1.2,147460.0
"Jun 21, 2013 00:00:00",1.2,1.2,1.2,1.2,48000.0
"Jun 24, 2013 00:00:00",1.19,1.19,1.16,1.16,200300.0
"Jun 25, 2013 00:00:00",1.16,1.16,1.1,1.1,148530.0
"Jun 26, 2013 00:00:00",1.19,1.2,1.19,1.2,119890.0
"Jun 28, 2013 00:00:00",1.09,1.09,1.06,1.06,67930.0
"Jul 03, 2013 00:00:00",1.25,1.25,1.25,1.25,137500.0
"Jul 05, 2013 00:00:00",1.2,1.2,1.2,1.2,120000.0
"Jul 09, 2013 00:00:00",1.33,1.37,1.33,1.37,20200.0
"Jul 10, 2013 00:00:00",1.36,1.36,1.36,1.36,8160.000000000001
"Jul 12, 2013 00:00:00",1.21,1.21,1.21,1.21,2420.0
"Jul 15, 2013 00:00:00",1.21,1.21,1.21,1.21,7260.0
"Jul 19, 2013 00:00:00",1.3,1.3,1.3,1.3,2600.0
"Jul 23, 2013 00:00:00",1.29,1.29,1.29,1.29,12900.0
"Jul 24, 2013 00:00:00",1.17,1.3,1.17,1.28,7290.0
"Jul 25, 2013 00:00:00",1.16,1.16,1.15,1.15,83300.0
"Jul 26, 2013 00:00:00",1.25,1.25,1.25,1.25,3750.0
"Aug 12, 2013 00:00:00",1.12,1.12,1.12,1.12,2240.0
"Aug 23, 2013 00:00:00",1.13,1.13,1.12,1.12,11280.0
"Aug 28, 2013 00:00:00",1.12,1.12,1.1,1.1,51840.0
"Aug 29, 2013 00:00:00",1.1,1.1,1.07,1.07,43300.0
"Aug 30, 2013 00:00:00",1.07,1.07,1.07,1.07,10700.0
"Sep 02, 2013 00:00:00",1.06,1.06,1.06,1.06,21200.0
"Sep 03, 2013 00:00:00",1.19,1.19,1.19,1.19,1190.0
"Sep 04, 2013 00:00:00",1.05,1.05,1.05,1.05,52500.0
"Sep 06, 2013 00:00:00",1.1,1.15,1.1,1.15,6650.0
"Sep 11, 2013 00:00:00",1.18,1.19,1.12,1.15,242210.0
"Sep 12, 2013 00:00:00",1.16,1.2,1.15,1.2,66830.0
"Sep 16, 2013 00:00:00",1.12,1.19,1.1,1.19,312490.0
"Sep 18, 2013 00:00:00",1.12,1.12,1.1,1.1,29020.000000000004
"Sep 19, 2013 00:00:00",1.15,1.15,1.15,1.15,11500.0
"Sep 20, 2013 00:00:00",1.15,1.19,1.15,1.19,121950.0
"Oct 02, 2013 00:00:00",1.05,1.15,1.05,1.15,3350.0
"Oct 03, 2013 00:00:00",1.15,1.15,1.15,1.15,57499.99999999999
"Oct 04, 2013 00:00:00",1.15,1.15,1.15,1.15,57499.99999999999
"Oct 09, 2013 00:00:00",1.1,1.15,1.09,1.15,169580.0
"Oct 10, 2013 00:00:00",1.09,1.1,1.09,1.09,63290.0
"Oct 11, 2013 00:00:00",1.12,1.14,1.12,1.14,113000.0
"Oct 14, 2013 00:00:00",1.14,1.15,1.14,1.15,148500.0
"Oct 16, 2013 00:00:00",1.15,1.22,1.15,1.22,72659.99999999999
"Oct 17, 2013 00:00:00",1.15,1.2,1.15,1.2,104699.99999999999
"Oct 21, 2013 00:00:00",1.04,1.05,1.04,1.05,31400.0
"Oct 22, 2013 00:00:00",1.15,1.15,1.15,1.15,28750.0
"Oct 29, 2013 00:00:00",1.11,1.11,1.11,1.11,7770.000000000001
"Oct 30, 2013 00:00:00",1.11,1.11,1.11,1.11,33300.0
"Nov 05, 2013 00:00:00",1.17,1.22,1.11,1.22,9160.0
"Nov 07, 2013 00:00:00",1.15,1.22,1.15,1.22,58719.99999999999
"Nov 08, 2013 00:00:00",1.15,1.15,1.15,1.15,57499.99999999999
"Nov 12, 2013 00:00:00",1.18,1.18,1.18,1.18,1180.0
"Nov 13, 2013 00:00:00",1.1,1.3,1.1,1.25,697360.0
"Nov 14, 2013 00:00:00",1.22,1.26,1.22,1.26,25660.0
"Nov 15, 2013 00:00:00",1.26,1.26,1.26,1.26,5040.0
"Nov 18, 2013 00:00:00",1.13,1.2,1.13,1.2,57699.99999999999
"Nov 19, 2013 00:00:00",1.24,1.24,1.24,1.24,1240.0
"Nov 20, 2013 00:00:00",1.15,1.23,1.15,1.23,93730.0
"Nov 21, 2013 00:00:00",1.2,1.29,1.2,1.26,45460.0
"Nov 22, 2013 00:00:00",1.26,1.29,1.26,1.26,76890.0
"Nov 25, 2013 00:00:00",1.38,1.38,1.38,1.38,1380.0
"Dec 05, 2013 00:00:00",1.32,1.32,1.32,1.32,132000.0
"Dec 06, 2013 00:00:00",1.28,1.38,1.28,1.38,325860.0
"Dec 09, 2013 00:00:00",1.33,1.33,1.28,1.28,31520.0
"Dec 10, 2013 00:00:00",1.37,1.37,1.22,1.22,17380.0
"Dec 11, 2013 00:00:00",1.21,1.28,1.2,1.28,146320.0
"Dec 13, 2013 00:00:00",1.21,1.28,1.2,1.28,110530.0
"Dec 19, 2013 00:00:00",1.3,1.3,1.3,1.3,1300.0
"Dec 26, 2013 00:00:00",1.15,1.15,1.12,1.12,101880.0
"Dec 27, 2013 00:00:00",1.11,1.27,1.07,1.26,225310.0
"Jan 06, 2014 00:00:00",1.18,1.27,1.18,1.27,122810.0
"Jan 07, 2014 00:00:00",1.25,1.25,1.2,1.2,145500.0
"Jan 08, 2014 00:00:00",1.27,1.27,1.27,1.27,1270.0
"Jan 09, 2014 00:00:00",1.2,1.2,1.18,1.18,140820.0
"Jan 10, 2014 00:00:00",1.18,1.28,1.18,1.28,24070.0
"Jan 13, 2014 00:00:00",1.18,1.27,1.18,1.26,194230.0
"Jan 14, 2014 00:00:00",1.18,1.18,1.18,1.18,35400.0
"Jan 16, 2014 00:00:00",1.18,1.25,1.18,1.25,62240.0
"Jan 17, 2014 00:00:00",1.18,1.18,1.16,1.16,106660.0
"Jan 21, 2014 00:00:00",1.18,1.29,1.18,1.28,49430.0
"Jan 22, 2014 00:00:00",1.18,1.29,1.18,1.29,21750.0
"Jan 27, 2014 00:00:00",1.27,1.33,1.27,1.3,436390.0
"Jan 29, 2014 00:00:00",1.26,1.28,1.2,1.2,230440.0
"Jan 30, 2014 00:00:00",1.2,1.25,1.2,1.25,7300.0
"Feb 03, 2014 00:00:00",1.18,1.27,1.18,1.27,2450.0
"Feb 05, 2014 00:00:00",1.22,1.27,1.22,1.27,25670.0
"Feb 11, 2014 00:00:00",1.26,1.26,1.26,1.26,1260.0
"Feb 12, 2014 00:00:00",1.2,1.2,1.2,1.2,12000.0
"Feb 19, 2014 00:00:00",1.22,1.22,1.12,1.12,32250.0
"Feb 20, 2014 00:00:00",1.15,1.26,1.15,1.26,155680.0
"Feb 24, 2014 00:00:00",1.22,1.3,1.22,1.3,77590.0
"Feb 25, 2014 00:00:00",1.3,1.51,1.21,1.38,1637880.0
"Feb 26, 2014 00:00:00",1.45,1.5,1.4,1.42,470330.0
"Feb 27, 2014 00:00:00",1.51,1.55,1.46,1.46,1168550.0
"Feb 28, 2014 00:00:00",1.42,1.53,1.4,1.46,148970.0
"Mar 03, 2014 00:00:00",1.4,1.46,1.4,1.46,29460.0
"Mar 04, 2014 00:00:00",1.4,1.61,1.38,1.58,15767069.999999998
"Mar 05, 2014 00:00:00",1.51,1.61,1.51,1.59,209470.0
"Mar 06, 2014 00:00:00",1.53,1.61,1.52,1.59,960830.0
"Mar 07, 2014 00:00:00",1.61,1.62,1.6,1.6,214770.0
"Mar 10, 2014 00:00:00",1.62,1.62,1.55,1.59,150810.0
"Mar 12, 2014 00:00:00",1.52,1.58,1.5,1.58,184480.0
"Mar 13, 2014 00:00:00",1.55,1.58,1.52,1.58,32550.0
"Mar 14, 2014 00:00:00",1.5,1.58,1.49,1.58,74940.0
"Mar 17, 2014 00:00:00",1.48,1.58,1.48,1.58,10910.0
"Mar 19, 2014 00:00:00",1.52,1.72,1.52,1.72,946420.0
"Mar 20, 2014 00:00:00",1.72,1.94,1.66,1.88,2280710.0
"Mar 21, 2014 00:00:00",1.95,2.03,1.95,1.96,1292780.0
"Mar 24, 2014 00:00:00",2.0,2.05,1.97,1.97,3887910.0
"Mar 25, 2014 00:00:00",1.94,2.02,1.75,1.9,1530060.0
"Mar 26, 2014 00:00:00",1.98,2.02,1.86,1.98,176400.0
"Mar 27, 2014 00:00:00",1.92,1.98,1.85,1.85,819150.0
"Mar 28, 2014 00:00:00",1.78,1.94,1.78,1.93,23850.0
"Mar 31, 2014 00:00:00",1.94,1.97,1.9,1.97,34610.0
"Apr 01, 2014 00:00:00",1.9,1.96,1.8,1.8,382800.0
"Apr 02, 2014 00:00:00",1.82,1.96,1.75,1.9,251850.0
"Apr 03, 2014 00:00:00",1.82,1.87,1.82,1.83,314740.0
"Apr 04, 2014 00:00:00",1.78,1.83,1.76,1.83,99260.0
"Apr 07, 2014 00:00:00",1.68,1.8,1.68,1.8,28440.0
"Apr 08, 2014 00:00:00",1.7,1.8,1.7,1.8,156600.0
"Apr 10, 2014 00:00:00",1.8,1.85,1.8,1.85,9050.0
"Apr 15, 2014 00:00:00",1.7,1.8,1.7,1.8,171800.0
"Apr 16, 2014 00:00:00",1.7,1.83,1.7,1.82,47230.0
"Apr 22, 2014 00:00:00",1.65,1.8,1.65,1.8,119700.0
"Apr 23, 2014 00:00:00",1.8,1.85,1.8,1.82,222310.0
"Apr 24, 2014 00:00:00",1.85,1.86,1.8,1.86,2921760.0
"Apr 25, 2014 00:00:00",1.8,1.8,1.7,1.8,375250.0
"Apr 28, 2014 00:00:00",1.8,1.86,1.8,1.84,73900.0
"Apr 29, 2014 00:00:00",1.86,1.87,1.8,1.8,448360.0
"Apr 30, 2014 00:00:00",1.81,1.88,1.8,1.88,43390.0
"May 02, 2014 00:00:00",1.8,1.88,1.7,1.7,68680.0
"May 05, 2014 00:00:00",1.71,1.88,1.71,1.75,130520.0
"May 06, 2014 00:00:00",1.76,1.88,1.7,1.87,31210.0
"May 09, 2014 00:00:00",1.78,1.88,1.75,1.88,129600.0
"May 12, 2014 00:00:00",1.8,1.85,1.78,1.85,233400.0
"May 13, 2014 00:00:00",1.8,1.85,1.8,1.8,259300.0
"May 14, 2014 00:00:00",1.77,1.85,1.7,1.8,190760.0
"May 15, 2014 00:00:00",1.71,1.85,1.69,1.85,346410.0
"May 16, 2014 00:00:00",1.71,1.81,1.65,1.81,85870.0
"May 19, 2014 00:00:00",1.75,1.8,1.75,1.8,47600.0
"May 20, 2014 00:00:00",1.81,1.84,1.72,1.84,113470.0
"May 21, 2014 00:00:00",1.72,1.83,1.66,1.83,148690.0
"May 22, 2014 00:00:00",1.83,1.83,1.75,1.83,219520.0
"May 23, 2014 00:00:00",1.67,1.79,1.62,1.75,301150.0
"May 26, 2014 00:00:00",1.68,1.69,1.68,1.69,26940.0
"May 27, 2014 00:00:00",1.79,1.79,1.7,1.7,2727700.0
"May 28, 2014 00:00:00",1.7,1.7,1.7,1.7,205700.0
"May 29, 2014 00:00:00",1.65,1.75,1.62,1.62,231050.0
"May 30, 2014 00:00:00",1.62,1.62,1.61,1.62,261740.0
"Jun 03, 2014 00:00:00",1.6,1.6,1.6,1.6,8000.0
"Jun 04, 2014 00:00:00",1.61,1.61,1.61,1.61,6440.0
"Jun 05, 2014 00:00:00",1.62,1.8,1.62,1.65,190180.0
"Jun 06, 2014 00:00:00",1.82,1.82,1.78,1.78,35640.0
"Jun 09, 2014 00:00:00",1.79,1.79,1.79,1.79,8950.0
"Jun 11, 2014 00:00:00",1.82,1.82,1.82,1.82,1820.0
"Jun 13, 2014 00:00:00",1.67,1.7,1.67,1.7,240560.0
"Jun 16, 2014 00:00:00",1.7,1.7,1.7,1.7,11758900.0
"Jun 17, 2014 00:00:00",1.8,1.8,1.71,1.71,131090.0
"Jun 18, 2014 00:00:00",1.7,1.7,1.65,1.65,43250.0
"Jun 19, 2014 00:00:00",1.76,1.76,1.7,1.7,113500.0
"Jun 20, 2014 00:00:00",1.72,1.72,1.72,1.72,5160.0
"Jun 24, 2014 00:00:00",1.79,1.79,1.79,1.79,2685000.0
"Jun 26, 2014 00:00:00",1.72,1.72,1.72,1.72,68800.0
"Jul 01, 2014 00:00:00",1.71,1.71,1.71,1.71,10260000.0
"Jul 02, 2014 00:00:00",1.72,1.86,1.71,1.75,10786760.0
"Jul 03, 2014 00:00:00",1.84,1.84,1.73,1.73,45670.0
"Jul 07, 2014 00:00:00",1.76,2.5,1.76,2.01,5231250.0
"Jul 08, 2014 00:00:00",2.02,2.34,1.96,2.13,2495520.0
"Jul 09, 2014 00:00:00",2.08,2.2,2.04,2.04,135720.0
"Jul 10, 2014 00:00:00",2.01,2.01,2.0,2.0,247069.99999999997
"Jul 11, 2014 00:00:00",2.1,2.1,2.1,2.1,210000.0
"Jul 14, 2014 00:00:00",2.17,2.19,2.1,2.19,946890.0
"Jul 15, 2014 00:00:00",2.19,2.35,2.08,2.2,2284790.0
"Jul 17, 2014 00:00:00",2.32,2.32,2.2,2.2,235320.0
"Jul 21, 2014 00:00:00",2.11,2.22,2.11,2.12,318330.0
"Jul 22, 2014 00:00:00",2.24,2.31,2.1,2.17,1248120.0
"Jul 23, 2014 00:00:00",2.31,2.32,2.18,2.25,212800.0
"Jul 24, 2014 00:00:00",2.25,2.38,2.13,2.33,3974480.0
"Jul 25, 2014 00:00:00",2.33,2.38,2.29,2.38,1275540.0
"Jul 28, 2014 00:00:00",2.38,2.7,2.38,2.59,2675990.0
"Jul 30, 2014 00:00:00",2.7,3.3,2.56,3.24,10713830.0
"Jul 31, 2014 00:00:00",3.2,3.22,2.92,2.92,2603390.0
"Aug 01, 2014 00:00:00",2.99,3.15,2.9,2.93,1874130.0
"Aug 04, 2014 00:00:00",2.85,2.89,2.85,2.89,467540.0
"Aug 05, 2014 00:00:00",2.88,2.91,2.88,2.9,593600.0
"Aug 06, 2014 00:00:00",2.9,2.9,2.9,2.9,43500.0
"Aug 07, 2014 00:00:00",2.89,2.89,2.89,2.89,60690.0
"Aug 08, 2014 00:00:00",2.9,2.9,2.8,2.8,965060.0
"Aug 11, 2014 00:00:00",2.76,2.88,2.76,2.77,348300.0
"Aug 12, 2014 00:00:00",2.77,2.95,2.77,2.8,930120.0
"Aug 13, 2014 00:00:00",2.79,2.95,2.79,2.95,16900.0
"Aug 14, 2014 00:00:00",2.9,3.02,2.79,2.9,415320.0
"Aug 18, 2014 00:00:00",2.89,2.98,2.79,2.98,339820.0
"Aug 19, 2014 00:00:00",2.99,2.99,2.99,2.99,2990.0
"Aug 20, 2014 00:00:00",2.99,3.04,2.85,2.99,588660.0
"Aug 22, 2014 00:00:00",2.82,2.98,2.82,2.98,11440.0
"Aug 27, 2014 00:00:00",2.9,2.91,2.9,2.9,4515320.0
"Aug 28, 2014 00:00:00",2.83,2.83,2.81,2.81,140900.0
"Aug 29, 2014 00:00:00",2.89,3.0,2.89,3.0,287400.0
"Sep 02, 2014 00:00:00",2.87,2.87,2.87,2.87,17220.0
"Sep 03, 2014 00:00:00",2.87,2.87,2.87,2.87,31570.0
"Sep 04, 2014 00:00:00",2.86,2.97,2.78,2.93,1868100.0
"Sep 08, 2014 00:00:00",2.84,2.94,2.84,2.94,37020.0
"Sep 09, 2014 00:00:00",2.85,2.93,2.85,2.93,31430.0
"Sep 10, 2014 00:00:00",2.85,2.85,2.84,2.84,162380.0
"Sep 12, 2014 00:00:00",2.79,2.8,2.76,2.76,253710.0
"Sep 15, 2014 00:00:00",2.8,2.8,2.8,2.8,56000.0
"Sep 16, 2014 00:00:00",2.75,2.75,2.75,2.75,126500.0
"Sep 18, 2014 00:00:00",2.8,2.8,2.78,2.78,195000.0
"Sep 23, 2014 00:00:00",2.75,2.75,2.7,2.7,328080.0
"Sep 24, 2014 00:00:00",2.82,2.82,2.82,2.82,4230000.0
"Sep 25, 2014 00:00:00",2.82,2.82,2.75,2.75,123890.0
"Sep 26, 2014 00:00:00",2.75,2.75,2.75,2.75,79750.0
"Sep 29, 2014 00:00:00",2.79,2.79,2.79,2.79,8370.0
"Sep 30, 2014 00:00:00",2.75,2.75,2.73,2.73,227590.0
"Oct 02, 2014 00:00:00",2.73,2.73,2.7,2.7,181410.0
"Oct 07, 2014 00:00:00",2.62,2.75,2.6,2.75,194880.0
"Oct 08, 2014 00:00:00",2.6,2.6,2.6,2.6,20800.0
"Oct 09, 2014 00:00:00",2.46,3.05,2.45,2.88,2399600.0
"Oct 10, 2014 00:00:00",2.89,2.89,2.71,2.71,624960.0
"Oct 13, 2014 00:00:00",2.71,2.75,2.71,2.71,95250.0
"Oct 16, 2014 00:00:00",2.58,2.58,2.58,2.58,25800.0
"Oct 17, 2014 00:00:00",2.62,2.62,2.61,2.62,52350.0
"Oct 21, 2014 00:00:00",2.63,2.7,2.63,2.7,172240.0
"Oct 23, 2014 00:00:00",2.7,2.7,2.7,2.7,18900.0
"Oct 24, 2014 00:00:00",2.63,2.63,2.63,2.63,13150.0
"Oct 27, 2014 00:00:00",2.7,2.7,2.7,2.7,4050000.0000000005
"Oct 28, 2014 00:00:00",2.65,2.65,2.62,2.62,158650.0
"Oct 31, 2014 00:00:00",2.74,2.74,2.68,2.68,83260.0
"Nov 03, 2014 00:00:00",2.88,2.88,2.88,2.88,2880.0
"Nov 10, 2014 00:00:00",2.75,2.75,2.75,2.75,13750.0
"Nov 11, 2014 00:00:00",2.87,2.87,2.87,2.87,2870.0
"Nov 14, 2014 00:00:00",2.7,2.7,2.7,2.7,13500.0
"Nov 20, 2014 00:00:00",2.64,2.64,2.64,2.64,2640.0
"Nov 21, 2014 00:00:00",2.64,2.64,2.64,2.64,10560.0
"Nov 24, 2014 00:00:00",2.64,2.64,2.64,2.64,13200.0
"Nov 25, 2014 00:00:00",2.75,2.86,2.75,2.86,4127860.0
"Nov 28, 2014 00:00:00",2.86,2.86,2.86,2.86,40040.0
"Dec 01, 2014 00:00:00",2.85,3.35,2.85,2.91,7649370.0
"Dec 02, 2014 00:00:00",2.91,2.92,2.91,2.91,195170.0
"Dec 03, 2014 00:00:00",2.91,2.91,2.84,2.84,275640.0
"Dec 04, 2014 00:00:00",2.9,2.9,2.86,2.86,228780.0
"Dec 05, 2014 00:00:00",2.84,2.9,2.78,2.9,115300.0
"Dec 10, 2014 00:00:00",2.71,2.98,2.71,2.95,122830.0
"Dec 11, 2014 00:00:00",2.95,2.95,2.72,2.72,137140.0
"Dec 15, 2014 00:00:00",2.72,2.78,2.72,2.78,22060.0
"Dec 16, 2014 00:00:00",2.79,2.8,2.78,2.8,390800.0
"Dec 17, 2014 00:00:00",2.8,2.8,2.78,2.78,155740.0
"Dec 18, 2014 00:00:00",2.78,2.78,2.78,2.78,5560.0
"Dec 19, 2014 00:00:00",2.64,2.8,2.64,2.8,29200.0
"Dec 23, 2014 00:00:00",2.66,2.66,2.66,2.66,13300.0
"Dec 29, 2014 00:00:00",2.7,2.7,2.64,2.7,4076480.0
"Jan 05, 2015 00:00:00",2.79,2.79,2.79,2.79,2790.0
"Jan 07, 2015 00:00:00",2.6,2.8,2.6,2.8,26350.0
"Jan 08, 2015 00:00:00",2.71,2.71,2.71,2.71,40650.0
"Jan 09, 2015 00:00:00",2.68,2.68,2.68,2.68,24120.0
"Jan 12, 2015 00:00:00",2.61,2.75,2.6,2.75,91200.0
"Jan 13, 2015 00:00:00",2.61,2.61,2.6,2.6,59850.0
"Jan 14, 2015 00:00:00",2.6,2.6,2.6,2.6,18200.0
"Jan 22, 2015 00:00:00",2.6,2.6,2.6,2.6,13000.0
"Jan 23, 2015 00:00:00",2.59,2.59,2.59,2.59,20720.0
"Jan 26, 2015 00:00:00",2.65,2.65,2.59,2.59,4000900.0
"Jan 27, 2015 00:00:00",2.51,2.51,2.5,2.5,150100.0
"Jan 28, 2015 00:00:00",2.47,2.47,2.47,2.47,123500.0
"Jan 29, 2015 00:00:00",2.47,2.47,2.45,2.45,294650.0
"Jan 30, 2015 00:00:00",2.45,2.47,2.36,2.47,382410.0
"Feb 02, 2015 00:00:00",2.36,2.36,2.36,2.36,11800.0
"Feb 03, 2015 00:00:00",2.36,2.36,2.26,2.26,113100.0
"Feb 05, 2015 00:00:00",2.26,2.26,2.26,2.26,2260.0
"Feb 10, 2015 00:00:00",2.26,2.26,2.26,2.26,11300.0
"Feb 13, 2015 00:00:00",2.26,2.26,2.25,2.25,292800.0
"Feb 17, 2015 00:00:00",2.38,2.47,2.38,2.4,19490.0
"Feb 18, 2015 00:00:00",2.4,2.4,2.4,2.4,9600.0
"Feb 24, 2015 00:00:00",2.4,2.7,2.4,2.51,197430.0
"Feb 25, 2015 00:00:00",2.66,2.8,2.66,2.74,769160.0
"Feb 26, 2015 00:00:00",2.82,3.1,2.75,2.8,3316190.0
"Feb 27, 2015 00:00:00",2.97,2.97,2.97,2.97,2970.0
"Mar 02, 2015 00:00:00",2.92,2.92,2.8,2.83,281940.0
"Mar 03, 2015 00:00:00",2.83,2.83,2.75,2.75,98200.0
"Mar 04, 2015 00:00:00",2.8,2.8,2.8,2.8,14000.0
"Mar 05, 2015 00:00:00",2.71,2.71,2.71,2.71,84010.0
"Mar 10, 2015 00:00:00",2.6,2.71,2.6,2.71,35120.0
"Mar 12, 2015 00:00:00",2.9,2.9,2.9,2.9,110200.0
"Mar 16, 2015 00:00:00",2.65,2.65,2.65,2.65,42400.0
"Mar 17, 2015 00:00:00",2.75,2.75,2.75,2.75,2750.0
"Mar 19, 2015 00:00:00",2.75,2.8,2.56,2.56,179130.0
"Mar 20, 2015 00:00:00",2.7,2.7,2.56,2.56,43860.0
"Mar 23, 2015 00:00:00",2.56,2.62,2.56,2.6,75460.0
"Mar 24, 2015 00:00:00",2.79,2.8,2.79,2.8,153900.0
"Mar 25, 2015 00:00:00",2.9,3.01,2.8,2.8,510470.0
"Mar 27, 2015 00:00:00",2.7,2.71,2.7,2.71,92050.0
"Mar 30, 2015 00:00:00",2.8,2.8,2.8,2.8,14000.0
"Mar 31, 2015 00:00:00",2.83,2.83,2.82,2.82,87580.0
"Apr 06, 2015 00:00:00",2.92,3.06,2.92,3.0,1886170.0
"Apr 07, 2015 00:00:00",3.0,3.0,2.9,2.9,119000.0
"Apr 08, 2015 00:00:00",2.9,3.05,2.8,3.05,300150.0
"Apr 10, 2015 00:00:00",0.38,0.38,0.29,0.29,150350.0
"Apr 15, 2015 00:00:00",0.26,0.26,0.26,0.26,130000.0
"Apr 16, 2015 00:00:00",0.29,0.29,0.28,0.28,63700.0
"Apr 17, 2015 00:00:00",0.28,0.28,0.275,0.275,170600.0
"Apr 21, 2015 00:00:00",0.275,0.275,0.275,0.275,27500.0
"Apr 22, 2015 00:00:00",0.27,0.275,0.27,0.27,75750.0
"Apr 23, 2015 00:00:00",0.27,0.27,0.27,0.27,37800.0
"Apr 28, 2015 00:00:00",0.28,0.285,0.27,0.285,212150.0
"Apr 29, 2015 00:00:00",0.285,0.285,0.285,0.285,299250.0
"Apr 30, 2015 00:00:00",0.285,0.285,0.285,0.285,114000.0
"May 04, 2015 00:00:00",0.275,0.29,0.275,0.29,69300.0
"May 05, 2015 00:00:00",0.285,0.31,0.285,0.305,1000500.0
"May 06, 2015 00:00:00",0.3,0.32,0.3,0.31,2131400.0
"May 07, 2015 00:00:00",0.31,0.35,0.305,0.34,5129250.0
"May 08, 2015 00:00:00",0.34,0.34,0.31,0.31,1655150.0
"May 11, 2015 00:00:00",0.31,0.31,0.29,0.295,528850.0
"May 12, 2015 00:00:00",0.29,0.29,0.285,0.285,634250.0
"May 13, 2015 00:00:00",0.315,0.315,0.285,0.29,651750.0
"May 14, 2015 00:00:00",0.285,0.29,0.285,0.285,271250.0
"May 15, 2015 00:00:00",0.28,0.285,0.28,0.285,34150.0
"May 18, 2015 00:00:00",0.285,0.285,0.285,0.285,22800.0
"May 19, 2015 00:00:00",0.28,0.28,0.28,0.28,72800.0
"May 20, 2015 00:00:00",0.285,0.285,0.285,0.285,5700.0
"May 22, 2015 00:00:00",0.28,0.28,0.28,0.28,95200.0
"May 25, 2015 00:00:00",0.275,0.285,0.27,0.285,145750.0
"May 26, 2015 00:00:00",0.285,0.285,0.285,0.285,8550.0
"May 27, 2015 00:00:00",0.265,0.285,0.26,0.285,123350.0
"May 28, 2015 00:00:00",0.26,0.285,0.26,0.285,28850.0
"Jun 01, 2015 00:00:00",0.26,0.26,0.26,0.26,85800.0
"Jun 02, 2015 00:00:00",0.26,0.26,0.26,0.26,52000.0
"Jun 04, 2015 00:00:00",0.26,0.28,0.26,0.28,21000.0
"Jun 08, 2015 00:00:00",0.29,0.29,0.29,0.29,46400.0
"Jun 09, 2015 00:00:00",0.255,0.255,0.24,0.24,205500.0
"Jun 10, 2015 00:00:00",0.26,0.27,0.26,0.27,18500.0
"Jun 11, 2015 00:00:00",0.26,0.26,0.26,0.26,5200.0
"Jun 16, 2015 00:00:00",0.245,0.25,0.23,0.25,24250.0
"Jun 17, 2015 00:00:00",0.245,0.245,0.245,0.245,2450.0
"Jun 18, 2015 00:00:00",0.245,0.245,0.245,0.245,4900.0
"Jun 22, 2015 00:00:00",0.231,0.25,0.231,0.25,14810.0
"Jun 24, 2015 00:00:00",0.26,0.26,0.25,0.25,12600.0
"Jun 25, 2015 00:00:00",0.24,0.24,0.24,0.24,7200.0
"Jun 25, 2015 00:00:00",0.24,0.24,0.24,0.24,7200.0
"Jun 26, 2015 00:00:00",0.24,0.24,0.231,0.231,46830.0
"Jun 29, 2015 00:00:00",0.23,0.27,0.23,0.27,48700.0
"Jul 03, 2015 00:00:00",0.27,0.27,0.27,0.27,2700.0
"Jul 06, 2015 00:00:00",0.26,0.26,0.26,0.26,2600.0
"Jul 07, 2015 00:00:00",0.27,0.285,0.26,0.26,1172550.0
"Jul 09, 2015 00:00:00",0.25,0.25,0.242,0.242,56460.0
"Jul 13, 2015 00:00:00",0.241,0.241,0.241,0.241,2410.0
"Jul 13, 2015 00:00:00",0.241,0.241,0.241,0.241,2410.0
"Jul 14, 2015 00:00:00",0.24,0.241,0.24,0.24,240040.0
"Jul 16, 2015 00:00:00",0.24,0.24,0.24,0.24,4800.0
"Jul 20, 2015 00:00:00",0.242,0.242,0.242,0.242,48400.0
"Jul 22, 2015 00:00:00",0.27,0.27,0.27,0.27,27000.0
"Jul 24, 2015 00:00:00",0.25,0.255,0.25,0.255,63000.0
"Jul 27, 2015 00:00:00",0.25,0.25,0.25,0.25,37500.0
"Jul 30, 2015 00:00:00",0.25,0.25,0.25,0.25,25000.0
"Jul 31, 2015 00:00:00",0.25,0.25,0.25,0.25,25000.0
"Aug 03, 2015 00:00:00",0.245,0.245,0.245,0.245,2450.0
"Aug 04, 2015 00:00:00",0.247,0.25,0.247,0.25,52290.0
"Aug 05, 2015 00:00:00",0.25,0.25,0.25,0.25,50000.0
"Aug 07, 2015 00:00:00",0.248,0.248,0.248,0.248,37200.0
"Aug 11, 2015 00:00:00",0.26,0.27,0.26,0.26,262850.0
"Aug 13, 2015 00:00:00",0.26,0.26,0.26,0.26,18200.0
"Aug 14, 2015 00:00:00",0.26,0.26,0.26,0.26,26000.0
"Aug 17, 2015 00:00:00",0.245,0.245,0.243,0.243,34100.0
"Aug 18, 2015 00:00:00",0.242,0.242,0.242,0.242,14520.0
"Aug 19, 2015 00:00:00",0.243,0.244,0.243,0.244,48650.0
"Aug 20, 2015 00:00:00",0.244,0.244,0.244,0.244,24400.0
"Aug 24, 2015 00:00:00",0.242,0.242,0.235,0.235,339630.0
"Sep 01, 2015 00:00:00",0.22,0.22,0.22,0.22,22000.0
"Sep 10, 2015 00:00:00",0.23,0.23,0.23,0.23,48300.0
"Sep 17, 2015 00:00:00",0.245,0.245,0.245,0.245,4900.0
"Sep 21, 2015 00:00:00",0.235,0.235,0.233,0.233,164300.0
"Sep 22, 2015 00:00:00",0.255,0.255,0.255,0.255,7650.0
"Sep 28, 2015 00:00:00",0.233,0.233,0.233,0.233,79220.0
"Oct 05, 2015 00:00:00",0.26,0.27,0.255,0.255,89200.0
"Oct 06, 2015 00:00:00",0.27,0.27,0.26,0.26,70100.0
"Oct 14, 2015 00:00:00",0.26,0.275,0.245,0.245,236600.0
"Oct 15, 2015 00:00:00",0.265,0.27,0.255,0.255,142750.0
"Oct 16, 2015 00:00:00",0.27,0.27,0.26,0.26,53000.0
"Oct 19, 2015 00:00:00",0.275,0.29,0.265,0.27,1327900.0
"Oct 20, 2015 00:00:00",0.26,0.26,0.255,0.255,38850.0
"Oct 21, 2015 00:00:00",0.255,0.255,0.25,0.25,35250.0
"Oct 22, 2015 00:00:00",0.25,0.25,0.25,0.25,25000.0
"Oct 23, 2015 00:00:00",0.255,0.255,0.255,0.255,22950.0
"Oct 26, 2015 00:00:00",0.255,0.255,0.255,0.255,25500.0
"Oct 27, 2015 00:00:00",0.25,0.255,0.25,0.255,22700.0
"Oct 28, 2015 00:00:00",0.25,0.25,0.25,0.25,10000.0
"Oct 29, 2015 00:00:00",0.25,0.25,0.25,0.25,2500.0
"Oct 30, 2015 00:00:00",0.25,0.25,0.25,0.25,12500.0
"Nov 04, 2015 00:00:00",0.255,0.255,0.255,0.255,10200.0
"Nov 05, 2015 00:00:00",0.265,0.265,0.25,0.255,45700.0
"Nov 06, 2015 00:00:00",0.25,0.25,0.25,0.25,25000.0
"Nov 09, 2015 00:00:00",0.265,0.27,0.265,0.27,34600.0
"Nov 10, 2015 00:00:00",0.255,0.255,0.239,0.239,76010.0
"Nov 11, 2015 00:00:00",0.26,0.26,0.25,0.25,25500.0
"Nov 12, 2015 00:00:00",0.26,0.27,0.25,0.27,36600.0
"Nov 13, 2015 00:00:00",0.275,0.275,0.25,0.25,10750.0
"Nov 16, 2015 00:00:00",0.25,0.25,0.25,0.25,50000.0
"Nov 17, 2015 00:00:00",0.25,0.25,0.25,0.25,5000.0
"Nov 20, 2015 00:00:00",0.246,0.246,0.246,0.246,2460.0
"Nov 23, 2015 00:00:00",0.246,0.246,0.246,0.246,7380.0
"Nov 24, 2015 00:00:00",0.246,0.246,0.236,0.237,96700.0
"Nov 26, 2015 00:00:00",0.237,0.237,0.236,0.236,47260.0
"Nov 27, 2015 00:00:00",0.239,0.239,0.237,0.237,47600.0
"Dec 02, 2015 00:00:00",0.237,0.245,0.236,0.236,151640.0
"Dec 04, 2015 00:00:00",0.237,0.237,0.237,0.237,11850.0
"Dec 07, 2015 00:00:00",0.236,0.237,0.236,0.236,309180.0
"Dec 08, 2015 00:00:00",0.235,0.235,0.234,0.235,93850.0
"Dec 10, 2015 00:00:00",0.234,0.234,0.232,0.232,90680.0
"Dec 14, 2015 00:00:00",0.232,0.232,0.228,0.228,141600.0
"Dec 15, 2015 00:00:00",0.228,0.228,0.221,0.221,204420.0
"Dec 16, 2015 00:00:00",0.22,0.22,0.22,0.22,204600.0
"Dec 17, 2015 00:00:00",0.22,0.22,0.219,0.219,241400.0
"Dec 21, 2015 00:00:00",0.216,0.216,0.215,0.215,127050.0
"Dec 22, 2015 00:00:00",0.215,0.215,0.208,0.208,64550.0
"Jan 06, 2016 00:00:00",0.215,0.215,0.215,0.215,2150.0
"Jan 07, 2016 00:00:00",0.21,0.21,0.2,0.2,104900.0
"Jan 08, 2016 00:00:00",0.205,0.205,0.205,0.205,102500.0
"Jan 26, 2016 00:00:00",0.185,0.185,0.175,0.175,90000.0
"Jan 28, 2016 00:00:00",0.21,0.21,0.21,0.21,8400.0
"Jan 29, 2016 00:00:00",0.18,0.18,0.18,0.18,7200.0
"Feb 01, 2016 00:00:00",0.23,0.23,0.23,0.23,11500.0
"Feb 09, 2016 00:00:00",0.19,0.191,0.19,0.191,5710.0
"Feb 16, 2016 00:00:00",0.23,0.24,0.23,0.234,165120.0
"Feb 17, 2016 00:00:00",0.239,0.239,0.239,0.239,11950.0
"Feb 18, 2016 00:00:00",0.24,0.24,0.24,0.24,117600.0
"Mar 03, 2016 00:00:00",0.25,0.25,0.25,0.25,112500.0
"Mar 04, 2016 00:00:00",0.255,0.255,0.255,0.255,51000.0
"Mar 07, 2016 00:00:00",0.255,0.255,0.255,0.255,12750.0
"Mar 08, 2016 00:00:00",0.255,0.255,0.25,0.255,141050.0
"Mar 09, 2016 00:00:00",0.255,0.255,0.25,0.255,72950.0
"Mar 10, 2016 00:00:00",0.26,0.27,0.26,0.27,335000.0
"Mar 11, 2016 00:00:00",0.27,0.275,0.265,0.275,1537250.0
"Mar 14, 2016 00:00:00",0.275,0.29,0.275,0.285,392250.0
"Mar 15, 2016 00:00:00",0.28,0.28,0.28,0.28,78400.0
"Mar 16, 2016 00:00:00",0.28,0.285,0.28,0.285,324250.0
"Mar 17, 2016 00:00:00",0.285,0.29,0.285,0.285,349200.0
"Mar 18, 2016 00:00:00",0.285,0.29,0.285,0.29,150550.0
"Mar 22, 2016 00:00:00",0.295,0.295,0.28,0.28,30950.0
"Mar 28, 2016 00:00:00",0.295,0.305,0.29,0.305,503950.0
"Mar 29, 2016 00:00:00",0.29,0.29,0.29,0.29,72500.0
"Mar 31, 2016 00:00:00",0.29,0.3,0.29,0.3,72700.0
"Apr 01, 2016 00:00:00",0.3,0.3,0.295,0.295,118500.0
"Apr 04, 2016 00:00:00",0.3,0.3,0.295,0.295,128100.0
"Apr 05, 2016 00:00:00",0.295,0.295,0.29,0.29,137400.0
"Apr 06, 2016 00:00:00",0.29,0.29,0.29,0.29,49300.0
"Apr 07, 2016 00:00:00",0.28,0.28,0.28,0.28,42000.0
"Apr 08, 2016 00:00:00",0.3,0.3,0.28,0.28,26200.0
"Apr 11, 2016 00:00:00",0.295,0.35,0.295,0.32,3272350.0
"Apr 12, 2016 00:00:00",0.34,0.34,0.32,0.32,317600.0
"Apr 13, 2016 00:00:00",0.325,0.325,0.285,0.32,479600.0
"Apr 14, 2016 00:00:00",0.31,0.315,0.31,0.315,47000.0
"Apr 15, 2016 00:00:00",0.315,0.315,0.305,0.305,46750.0
"Apr 20, 2016 00:00:00",0.295,0.3,0.295,0.3,95000.0
"Apr 21, 2016 00:00:00",0.29,0.29,0.285,0.285,444100.0
"Apr 22, 2016 00:00:00",0.305,0.335,0.305,0.325,1000400.0
"Apr 25, 2016 00:00:00",0.325,0.475,0.325,0.42,8002700.0
"Apr 26, 2016 00:00:00",0.435,0.44,0.37,0.38,3407500.0
"Apr 27, 2016 00:00:00",0.38,0.39,0.35,0.36,2111300.0
"Apr 28, 2016 00:00:00",0.38,0.41,0.375,0.385,1625350.0
"Apr 29, 2016 00:00:00",0.385,0.39,0.375,0.375,926750.0
"May 02, 2016 00:00:00",0.375,0.405,0.375,0.385,1607400.0
"May 03, 2016 00:00:00",0.4,0.46,0.4,0.44,5813750.0
"May 04, 2016 00:00:00",0.455,0.52,0.45,0.495,12153300.0
"May 05, 2016 00:00:00",0.52,0.54,0.445,0.445,6136900.0
"May 06, 2016 00:00:00",0.44,0.475,0.425,0.435,910300.0
"May 06, 2016 00:00:00",0.44,0.475,0.425,0.435,910300.0
"May 10, 2016 00:00:00",0.435,0.51,0.435,0.5,4400900.0
"May 11, 2016 00:00:00",0.52,0.53,0.49,0.495,1565570.0
"May 12, 2016 00:00:00",0.495,0.54,0.47,0.5,9683750.0
"May 13, 2016 00:00:00",0.5,0.53,0.45,0.45,6092075.0
"May 16, 2016 00:00:00",0.48,0.48,0.42,0.46,1333600.0
"May 17, 2016 00:00:00",0.435,0.46,0.43,0.435,834350.0
"May 18, 2016 00:00:00",0.43,0.43,0.355,0.36,3075300.0
"May 19, 2016 00:00:00",0.39,0.395,0.375,0.385,1105550.0
"May 20, 2016 00:00:00",0.355,0.38,0.33,0.335,482800.0
"May 23, 2016 00:00:00",0.335,0.38,0.335,0.37,557150.0
"May 24, 2016 00:00:00",0.38,0.38,0.345,0.35,162500.0
"May 25, 2016 00:00:00",0.365,0.38,0.34,0.36,1119500.0
"May 26, 2016 00:00:00",0.36,0.395,0.36,0.39,1705450.0
"May 27, 2016 00:00:00",0.4,0.415,0.38,0.38,1007750.0
"May 30, 2016 00:00:00",0.37,0.38,0.37,0.38,4251250.0
"May 31, 2016 00:00:00",0.38,0.385,0.38,0.38,296700.0
"Jun 01, 2016 00:00:00",0.38,0.38,0.38,0.38,2815800.0
"Jun 02, 2016 00:00:00",0.4,0.4,0.38,0.38,544000.0
"Jun 03, 2016 00:00:00",0.385,0.385,0.385,0.385,96250.0
"Jun 06, 2016 00:00:00",0.395,0.395,0.375,0.375,534700.0
"Jun 07, 2016 00:00:00",0.37,0.38,0.365,0.37,1099400.0
"Jun 08, 2016 00:00:00",0.37,0.375,0.37,0.37,237550.0
"Jun 09, 2016 00:00:00",0.365,0.365,0.365,0.365,58400.0
"Jun 10, 2016 00:00:00",0.375,0.375,0.365,0.365,143050.0
"Jun 13, 2016 00:00:00",0.36,0.365,0.36,0.36,133700.0
"Jun 14, 2016 00:00:00",0.36,0.36,0.345,0.36,578250.0
"Jun 15, 2016 00:00:00",0.345,0.345,0.345,0.345,79350.0
"Jun 16, 2016 00:00:00",0.34,0.35,0.34,0.35,80200.0
"Jun 17, 2016 00:00:00",0.345,0.365,0.345,0.35,56950.0
"Jun 20, 2016 00:00:00",0.345,0.375,0.345,0.375,62250.0
"Jun 21, 2016 00:00:00",0.355,0.355,0.355,0.355,10650.0
"Jun 23, 2016 00:00:00",0.37,0.415,0.37,0.39,1290100.0
"Jun 24, 2016 00:00:00",0.39,0.39,0.375,0.375,238950.0
"Jun 27, 2016 00:00:00",0.375,0.39,0.375,0.375,494400.0
"Jun 28, 2016 00:00:00",0.37,0.38,0.37,0.375,186500.0
"Jun 29, 2016 00:00:00",0.385,0.385,0.37,0.37,71350.0
"Jun 30, 2016 00:00:00",0.36,0.37,0.36,0.37,18300.0
"Jul 01, 2016 00:00:00",0.385,0.385,0.37,0.385,152600.0
"Jul 04, 2016 00:00:00",0.37,0.37,0.36,0.36,162100.0
"Jul 05, 2016 00:00:00",0.36,0.37,0.36,0.36,184200.0
"Jul 07, 2016 00:00:00",0.37,0.39,0.37,0.39,494150.0
"Jul 11, 2016 00:00:00",0.385,0.385,0.385,0.385,15400.0
"Jul 12, 2016 00:00:00",0.375,0.375,0.36,0.375,409800.0
"Jul 13, 2016 00:00:00",0.37,0.375,0.365,0.365,18400.0
"Jul 14, 2016 00:00:00",0.375,0.39,0.375,0.39,835450.0
"Jul 15, 2016 00:00:00",0.375,0.375,0.375,0.375,3750.0
"Jul 18, 2016 00:00:00",0.37,0.37,0.37,0.37,358900.0
"Jul 19, 2016 00:00:00",0.37,0.41,0.37,0.405,2434450.0
"Jul 20, 2016 00:00:00",0.41,0.41,0.395,0.395,362650.0
"Jul 21, 2016 00:00:00",0.395,0.42,0.38,0.395,201150.0
"Jul 22, 2016 00:00:00",0.38,0.395,0.38,0.385,135100.0
"Jul 25, 2016 00:00:00",0.39,0.415,0.39,0.395,357800.0
"Jul 26, 2016 00:00:00",0.41,0.42,0.395,0.395,842750.0
"Jul 27, 2016 00:00:00",0.39,0.41,0.39,0.395,19850.0
"Jul 28, 2016 00:00:00",0.395,0.395,0.39,0.39,110550.0
"Jul 29, 2016 00:00:00",0.38,0.41,0.38,0.395,520150.0
"Aug 01, 2016 00:00:00",0.41,0.41,0.4,0.4,121000.0
"Aug 02, 2016 00:00:00",0.4,0.42,0.4,0.405,244400.0
"Aug 03, 2016 00:00:00",0.4,0.4,0.385,0.385,215400.0
"Aug 04, 2016 00:00:00",0.395,0.4,0.38,0.4,184350.0
"Aug 05, 2016 00:00:00",0.4,0.425,0.4,0.41,1805450.0
"Aug 08, 2016 00:00:00",0.41,0.425,0.4,0.425,738500.0
"Aug 09, 2016 00:00:00",0.42,0.425,0.395,0.395,718150.0
"Aug 11, 2016 00:00:00",0.395,0.395,0.395,0.395,98750.0
"Aug 12, 2016 00:00:00",0.385,0.385,0.38,0.385,396350.0
"Aug 15, 2016 00:00:00",0.405,0.405,0.385,0.385,778100.0
"Aug 16, 2016 00:00:00",0.385,0.385,0.385,0.385,92400.0
"Aug 17, 2016 00:00:00",0.385,0.385,0.385,0.385,180950.0
"Aug 18, 2016 00:00:00",0.385,0.385,0.38,0.38,203950.0
"Aug 19, 2016 00:00:00",0.4,0.405,0.375,0.385,3007800.0
"Aug 22, 2016 00:00:00",0.395,0.4,0.385,0.385,464800.0
"Aug 23, 2016 00:00:00",0.39,0.39,0.385,0.385,154500.0
"Aug 24, 2016 00:00:00",0.385,0.4,0.38,0.385,1521250.0
"Aug 25, 2016 00:00:00",0.38,0.38,0.375,0.375,1048600.0
"Aug 26, 2016 00:00:00",0.375,0.395,0.375,0.375,239350.0
"Aug 30, 2016 00:00:00",0.375,0.375,0.37,0.37,11392100.0
"Aug 31, 2016 00:00:00",0.395,0.395,0.395,0.395,71100.0
"Sep 01, 2016 00:00:00",0.39,0.39,0.375,0.375,176550.0
"Sep 02, 2016 00:00:00",0.385,0.4,0.385,0.4,341900.0
"Sep 05, 2016 00:00:00",0.395,0.395,0.395,0.395,3950.0
"Sep 05, 2016 00:00:00",0.395,0.395,0.395,0.395,3950.0
"Sep 06, 2016 00:00:00",0.4,0.4,0.375,0.375,22750.0
"Sep 09, 2016 00:00:00",0.38,0.38,0.38,0.38,7600.0
"Sep 13, 2016 00:00:00",0.38,0.38,0.37,0.37,85500.0
"Sep 14, 2016 00:00:00",0.37,0.37,0.37,0.37,99900.0
"Sep 15, 2016 00:00:00",0.37,0.37,0.37,0.37,540200.0
"Sep 16, 2016 00:00:00",0.385,0.385,0.365,0.365,139400.0
"Sep 19, 2016 00:00:00",0.365,0.365,0.365,0.365,273750.0
"Sep 21, 2016 00:00:00",0.365,0.365,0.365,0.365,7300.0
"Sep 22, 2016 00:00:00",0.365,0.365,0.365,0.365,40150.0
"Sep 26, 2016 00:00:00",0.365,0.365,0.365,0.365,368650.0
"Sep 27, 2016 00:00:00",0.365,0.365,0.365,0.365,244550.0
"Sep 28, 2016 00:00:00",0.365,0.39,0.36,0.39,203050.0
"Sep 29, 2016 00:00:00",0.365,0.365,0.36,0.36,357750.0
"Sep 30, 2016 00:00:00",0.36,0.36,0.36,0.36,32400.0
"Oct 03, 2016 00:00:00",0.36,0.36,0.36,0.36,18000.0
"Oct 04, 2016 00:00:00",0.36,0.36,0.36,0.36,36000.0
"Oct 05, 2016 00:00:00",0.36,0.36,0.36,0.36,90000.0
"Oct 06, 2016 00:00:00",0.36,0.36,0.355,0.355,115150.0
"Oct 07, 2016 00:00:00",0.36,0.36,0.36,0.36,7200.0
"Oct 11, 2016 00:00:00",0.355,0.355,0.35,0.35,21200.0
"Oct 12, 2016 00:00:00",0.35,0.35,0.345,0.345,186500.0
"Oct 12, 2016 00:00:00",0.35,0.35,0.345,0.345,186500.0
"Oct 14, 2016 00:00:00",0.325,0.36,0.315,0.36,405100.0
"Oct 17, 2016 00:00:00",0.355,0.355,0.355,0.355,7100.0
"Oct 19, 2016 00:00:00",0.345,0.345,0.34,0.34,119250.0
"Oct 20, 2016 00:00:00",0.33,0.33,0.33,0.33,6600.0
"Oct 25, 2016 00:00:00",0.345,0.345,0.345,0.345,10350.0
"Oct 26, 2016 00:00:00",0.345,0.345,0.34,0.34,13650.0
"Nov 02, 2016 00:00:00",0.31,0.31,0.31,0.31,31000.0
"Nov 09, 2016 00:00:00",0.31,0.31,0.305,0.305,46050.0
"Nov 21, 2016 00:00:00",0.32,0.325,0.32,0.325,9700.0
"Nov 22, 2016 00:00:00",0.32,0.32,0.32,0.32,6400.0
"Nov 28, 2016 00:00:00",0.32,0.32,0.32,0.32,3200.0
"Dec 07, 2016 00:00:00",0.31,0.31,0.305,0.305,6150.0
"Dec 09, 2016 00:00:00",0.305,0.31,0.305,0.31,27650.0
"Dec 16, 2016 00:00:00",0.34,0.355,0.315,0.32,288700.0
"Dec 22, 2016 00:00:00",0.305,0.305,0.305,0.305,42700.0
"Dec 23, 2016 00:00:00",0.305,0.305,0.305,0.305,21350.0
"Dec 27, 2016 00:00:00",0.305,0.305,0.305,0.305,76250.0
"Jan 11, 2017 00:00:00",0.3,0.3,0.3,0.3,3000.0
"Jan 12, 2017 00:00:00",0.32,0.335,0.31,0.33,232550.0
"Jan 16, 2017 00:00:00",0.305,0.31,0.305,0.31,30750.0
"Jan 18, 2017 00:00:00",0.305,0.33,0.305,0.33,107000.0
"Jan 20, 2017 00:00:00",0.31,0.33,0.31,0.33,6400.0
"Jan 23, 2017 00:00:00",0.31,0.32,0.305,0.31,193600.0
"Jan 26, 2017 00:00:00",0.31,0.31,0.31,0.31,9300.0
"Jan 30, 2017 00:00:00",0.33,0.33,0.33,0.33,9900.0
"Jan 31, 2017 00:00:00",0.31,0.33,0.31,0.33,261800.0
"Feb 01, 2017 00:00:00",0.33,0.37,0.33,0.36,1451550.0
"Feb 02, 2017 00:00:00",0.37,0.375,0.37,0.37,299850.0
"Feb 03, 2017 00:00:00",0.355,0.355,0.345,0.35,289500.0
"Feb 06, 2017 00:00:00",0.345,0.345,0.345,0.345,20700.0
"Feb 07, 2017 00:00:00",0.34,0.345,0.34,0.345,81650.0
"Feb 08, 2017 00:00:00",0.34,0.34,0.34,0.34,44200.0
"Feb 10, 2017 00:00:00",0.37,0.38,0.35,0.35,295700.0
"Feb 10, 2017 00:00:00",0.37,0.38,0.35,0.35,295700.0
"Feb 14, 2017 00:00:00",0.34,0.34,0.335,0.335,801150.0
"Feb 20, 2017 00:00:00",0.37,0.37,0.37,0.37,166500.0
"Feb 22, 2017 00:00:00",0.35,0.36,0.35,0.36,21500.0
"Feb 23, 2017 00:00:00",0.38,0.39,0.38,0.39,577150.0
"Feb 24, 2017 00:00:00",0.385,0.39,0.385,0.39,23150.0
"Feb 27, 2017 00:00:00",0.37,0.37,0.37,0.37,14800.0
"Mar 01, 2017 00:00:00",0.38,0.395,0.38,0.39,321800.0
"Mar 02, 2017 00:00:00",0.39,0.4,0.39,0.4,408300.0
"Mar 06, 2017 00:00:00",0.375,0.375,0.375,0.375,30000.0
"Mar 07, 2017 00:00:00",0.375,0.375,0.375,0.375,37500.0
"Mar 09, 2017 00:00:00",0.37,0.37,0.37,0.37,85100.0
"Mar 10, 2017 00:00:00",0.365,0.37,0.365,0.37,40650.0
"Mar 14, 2017 00:00:00",0.36,0.375,0.35,0.365,951750.0
"Mar 15, 2017 00:00:00",0.36,0.36,0.36,0.36,18000.0
"Mar 21, 2017 00:00:00",0.35,0.36,0.335,0.355,902250.0
"Mar 22, 2017 00:00:00",0.33,0.34,0.315,0.34,753750.0
"Mar 23, 2017 00:00:00",0.33,0.33,0.33,0.33,59400.0
"Mar 24, 2017 00:00:00",0.32,0.335,0.315,0.335,112450.0
"Mar 28, 2017 00:00:00",0.315,0.34,0.315,0.34,16000.0
"Mar 31, 2017 00:00:00",0.315,0.315,0.305,0.315,930000.0
"Apr 04, 2017 00:00:00",0.315,0.34,0.315,0.34,60950.0
"Apr 05, 2017 00:00:00",0.335,0.335,0.335,0.335,16750.0
"Apr 06, 2017 00:00:00",0.345,0.5,0.345,0.46,35702800.0
"Apr 07, 2017 00:00:00",0.475,0.56,0.435,0.55,50301300.0
"Apr 10, 2017 00:00:00",0.57,0.58,0.43,0.44,57600700.0
"Apr 11, 2017 00:00:00",0.455,0.46,0.41,0.44,3433700.0
"Apr 12, 2017 00:00:00",0.435,0.46,0.435,0.45,952800.0
"Apr 17, 2017 00:00:00",0.46,0.465,0.435,0.435,3155400.0
"Apr 18, 2017 00:00:00",0.43,0.46,0.42,0.42,2197800.0
"Apr 19, 2017 00:00:00",0.42,0.42,0.41,0.415,1038000.0
"Apr 20, 2017 00:00:00",0.415,0.46,0.41,0.435,11110950.0
"Apr 21, 2017 00:00:00",0.455,0.46,0.425,0.435,4244450.0
"Apr 24, 2017 00:00:00",0.445,0.465,0.445,0.45,4043950.0
"Apr 25, 2017 00:00:00",0.455,0.46,0.43,0.445,1699450.0
"Apr 26, 2017 00:00:00",0.445,0.475,0.435,0.45,13578850.0
"Apr 27, 2017 00:00:00",0.435,0.435,0.42,0.425,5088400.0
"May 02, 2017 00:00:00",0.43,0.435,0.42,0.42,1069550.0
"May 03, 2017 00:00:00",0.415,0.435,0.41,0.425,1333400.0
"May 04, 2017 00:00:00",0.43,0.43,0.42,0.425,101950.0
"May 05, 2017 00:00:00",0.42,0.43,0.42,0.42,139800.0
"May 08, 2017 00:00:00",0.415,0.42,0.415,0.42,1033850.0
"May 09, 2017 00:00:00",0.415,0.415,0.37,0.37,6261300.0
"May 10, 2017 00:00:00",0.37,0.405,0.365,0.365,6191800.0
"May 11, 2017 00:00:00",0.385,0.385,0.355,0.37,976850.0
"May 12, 2017 00:00:00",0.36,0.37,0.355,0.37,121350.0
"May 15, 2017 00:00:00",0.385,0.385,0.37,0.38,257450.0
"May 16, 2017 00:00:00",0.37,0.37,0.345,0.35,3058450.0
"May 17, 2017 00:00:00",0.345,0.365,0.345,0.35,1825350.0
"May 18, 2017 00:00:00",0.345,0.345,0.33,0.33,2012450.0
"May 19, 2017 00:00:00",0.335,0.34,0.335,0.335,1603050.0
"May 22, 2017 00:00:00",0.33,0.35,0.33,0.335,426100.0
"May 23, 2017 00:00:00",0.335,0.335,0.335,0.335,93800.0
"May 24, 2017 00:00:00",0.33,0.33,0.325,0.33,320600.0
"May 25, 2017 00:00:00",0.345,0.35,0.325,0.325,652050.0
"May 26, 2017 00:00:00",0.345,0.365,0.345,0.355,2255950.0
"May 29, 2017 00:00:00",0.365,0.385,0.36,0.37,2886850.0
"May 30, 2017 00:00:00",0.385,0.385,0.355,0.355,388100.0
"May 31, 2017 00:00:00",0.35,0.36,0.35,0.35,322400.0
"Jun 01, 2017 00:00:00",0.34,0.36,0.34,0.36,68950.0
"Jun 02, 2017 00:00:00",0.355,0.355,0.345,0.345,100250.0
"Jun 02, 2017 00:00:00",0.355,0.355,0.345,0.345,100250.0
"Jun 05, 2017 00:00:00",0.37,0.37,0.345,0.365,600650.0
"Jun 06, 2017 00:00:00",0.34,0.36,0.34,0.345,51900.0
"Jun 07, 2017 00:00:00",0.34,0.35,0.335,0.345,255900.0
"Jun 08, 2017 00:00:00",0.35,0.35,0.35,0.35,17500.0
"Jun 13, 2017 00:00:00",0.34,0.34,0.34,0.34,54400.0
"Jun 14, 2017 00:00:00",0.34,0.34,0.34,0.34,3400.0
"Jun 15, 2017 00:00:00",0.34,0.345,0.34,0.34,85250.0
"Jun 19, 2017 00:00:00",0.34,0.35,0.34,0.35,20500.0
"Jun 21, 2017 00:00:00",0.35,0.35,0.335,0.335,339000.0
"Jun 22, 2017 00:00:00",0.335,0.36,0.335,0.355,162000.0
"Jun 23, 2017 00:00:00",0.355,0.365,0.355,0.36,459850.0
"Jun 27, 2017 00:00:00",0.365,0.375,0.355,0.365,1011600.0
"Jun 28, 2017 00:00:00",0.37,0.37,0.34,0.35,147350.0
"Jun 29, 2017 00:00:00",0.36,0.36,0.36,0.36,3600.0
"Jun 30, 2017 00:00:00",0.36,0.365,0.36,0.365,237200.0
"Jul 03, 2017 00:00:00",0.34,0.355,0.34,0.35,565150.0
"Jul 04, 2017 00:00:00",0.34,0.35,0.34,0.34,64900.0
"Jul 05, 2017 00:00:00",0.335,0.35,0.335,0.35,239350.0
"Jul 06, 2017 00:00:00",0.35,0.35,0.35,0.35,7000.0
"Jul 07, 2017 00:00:00",0.355,0.355,0.335,0.335,196750.0
"Jul 10, 2017 00:00:00",0.34,0.34,0.335,0.335,120800.0
"Jul 11, 2017 00:00:00",0.34,0.34,0.33,0.335,499350.0
"Jul 12, 2017 00:00:00",0.33,0.34,0.33,0.34,169000.0
"Jul 13, 2017 00:00:00",0.34,0.34,0.33,0.33,314200.0
"Jul 14, 2017 00:00:00",0.335,0.34,0.33,0.34,103650.0
"Jul 18, 2017 00:00:00",0.335,0.345,0.33,0.345,250950.0
"Jul 19, 2017 00:00:00",0.34,0.345,0.335,0.345,212100.0
"Jul 20, 2017 00:00:00",0.335,0.335,0.335,0.335,83750.0
"Jul 21, 2017 00:00:00",0.33,0.33,0.33,0.33,264000.0
"Jul 24, 2017 00:00:00",0.33,0.335,0.33,0.335,23400.0
"Jul 25, 2017 00:00:00",0.335,0.335,0.335,0.335,13400.0
"Jul 27, 2017 00:00:00",0.335,0.335,0.33,0.33,189600.0
"Jul 28, 2017 00:00:00",0.33,0.33,0.33,0.33,303600.0
"Jul 31, 2017 00:00:00",0.335,0.335,0.325,0.325,393350.0
"Aug 01, 2017 00:00:00",0.32,0.325,0.32,0.325,64050.0
"Aug 02, 2017 00:00:00",0.32,0.32,0.32,0.32,380800.0
"Aug 03, 2017 00:00:00",0.315,0.32,0.315,0.32,18950.0
"Aug 09, 2017 00:00:00",0.315,0.315,0.315,0.315,69300.0
"Aug 10, 2017 00:00:00",0.315,0.32,0.315,0.315,123100.0
"Aug 11, 2017 00:00:00",0.315,0.315,0.31,0.31,207150.0
"Aug 14, 2017 00:00:00",0.31,0.31,0.305,0.305,58650.0
"Aug 15, 2017 00:00:00",0.305,0.305,0.305,0.305,170800.0
"Aug 16, 2017 00:00:00",0.325,0.325,0.325,0.325,3250.0
"Aug 17, 2017 00:00:00",0.325,0.325,0.325,0.325,29250.0
"Aug 18, 2017 00:00:00",0.31,0.32,0.31,0.32,84900.0
"Aug 25, 2017 00:00:00",0.32,0.32,0.32,0.32,64000.0
"Aug 31, 2017 00:00:00",0.31,0.31,0.31,0.31,18600.0
"Sep 04, 2017 00:00:00",0.305,0.31,0.3,0.31,494700.0
"Sep 05, 2017 00:00:00",0.305,0.305,0.305,0.305,67100.0
"Sep 06, 2017 00:00:00",0.315,0.325,0.305,0.325,3872800.0
"Sep 08, 2017 00:00:00",0.305,0.305,0.305,0.305,6581900.0
"Sep 11, 2017 00:00:00",0.32,0.325,0.32,0.325,99600.0
"Sep 13, 2017 00:00:00",0.325,0.325,0.325,0.325,237250.0
"Sep 14, 2017 00:00:00",0.32,0.325,0.32,0.325,54500.0
"Sep 15, 2017 00:00:00",0.325,0.335,0.325,0.335,164550.0
"Sep 18, 2017 00:00:00",0.335,0.355,0.335,0.35,1020350.0
"Sep 19, 2017 00:00:00",0.35,0.355,0.325,0.33,441050.0
"Sep 20, 2017 00:00:00",0.335,0.345,0.335,0.335,358500.0
"Sep 21, 2017 00:00:00",0.345,0.345,0.33,0.335,56550.0
"Sep 22, 2017 00:00:00",0.345,0.345,0.34,0.34,338850.0
"Sep 25, 2017 00:00:00",0.345,0.355,0.345,0.35,472500.0
"Sep 26, 2017 00:00:00",0.345,0.345,0.345,0.345,141450.0
"Sep 27, 2017 00:00:00",0.345,0.345,0.345,0.345,3450.0
"Sep 28, 2017 00:00:00",0.35,0.365,0.35,0.365,1081650.0
"Sep 29, 2017 00:00:00",0.37,0.38,0.36,0.38,3275500.0
"Oct 02, 2017 00:00:00",0.38,0.38,0.37,0.37,630050.0
"Oct 03, 2017 00:00:00",0.35,0.365,0.35,0.35,456450.0
"Oct 04, 2017 00:00:00",0.35,0.355,0.35,0.35,379650.0
"Oct 05, 2017 00:00:00",0.36,0.36,0.355,0.355,157050.0
"Oct 06, 2017 00:00:00",0.355,0.355,0.355,0.355,113600.0
"Oct 09, 2017 00:00:00",0.365,0.375,0.365,0.37,1238050.0
"Oct 10, 2017 00:00:00",0.375,0.395,0.375,0.38,4194600.0
"Oct 11, 2017 00:00:00",0.39,0.395,0.38,0.395,1657800.0
"Oct 12, 2017 00:00:00",0.405,0.415,0.395,0.4,4464050.0
"Oct 13, 2017 00:00:00",0.4,0.405,0.395,0.4,1407700.0
"Oct 17, 2017 00:00:00",0.42,0.425,0.415,0.42,4116900.0
"Oct 18, 2017 00:00:00",0.42,0.445,0.415,0.435,8773150.0
"Oct 19, 2017 00:00:00",0.44,0.44,0.415,0.415,3361700.0
"Oct 20, 2017 00:00:00",0.415,0.425,0.41,0.415,1666550.0
"Oct 23, 2017 00:00:00",0.41,0.47,0.41,0.46,9857200.0
"Oct 24, 2017 00:00:00",0.465,0.465,0.435,0.445,3439350.0
"Oct 25, 2017 00:00:00",0.445,0.46,0.445,0.455,1430150.0
"Oct 26, 2017 00:00:00",0.455,0.46,0.455,0.455,523750.0
"Oct 27, 2017 00:00:00",0.465,0.47,0.44,0.44,1480450.0
"Oct 30, 2017 00:00:00",0.45,0.455,0.44,0.44,1025750.0
"Nov 02, 2017 00:00:00",0.44,0.445,0.435,0.435,1386950.0
"Nov 03, 2017 00:00:00",0.43,0.455,0.43,0.445,1156750.0
"Nov 06, 2017 00:00:00",0.44,0.465,0.44,0.465,2615850.0
"Nov 07, 2017 00:00:00",0.465,0.465,0.45,0.45,422100.0
"Nov 08, 2017 00:00:00",0.435,0.455,0.435,0.45,297650.0
"Nov 09, 2017 00:00:00",0.45,0.46,0.44,0.44,810850.0
"Nov 10, 2017 00:00:00",0.435,0.435,0.43,0.43,456850.0
"Nov 13, 2017 00:00:00",0.425,0.455,0.425,0.435,1876750.0
"Nov 14, 2017 00:00:00",0.43,0.43,0.425,0.43,312700.0
"Nov 15, 2017 00:00:00",0.425,0.425,0.425,0.425,238000.0
"Nov 16, 2017 00:00:00",0.425,0.425,0.41,0.41,1247650.0
"Nov 17, 2017 00:00:00",0.405,0.43,0.39,0.41,1329500.0
"Nov 20, 2017 00:00:00",0.395,0.395,0.395,0.395,367350.0
"Nov 21, 2017 00:00:00",0.39,0.39,0.38,0.39,323650.0
"Nov 22, 2017 00:00:00",0.38,0.395,0.38,0.39,469450.0
"Nov 23, 2017 00:00:00",0.39,0.39,0.365,0.365,1393750.0
"Nov 24, 2017 00:00:00",0.375,0.375,0.365,0.375,36700.0
"Nov 27, 2017 00:00:00",0.375,0.375,0.365,0.365,25750.0
"Nov 28, 2017 00:00:00",0.375,0.375,0.375,0.375,206250.0
"Nov 29, 2017 00:00:00",0.375,0.38,0.365,0.365,448800.0
"Dec 01, 2017 00:00:00",0.37,0.395,0.37,0.39,478200.0
"Dec 04, 2017 00:00:00",0.38,0.38,0.38,0.38,193800.0
"Dec 05, 2017 00:00:00",0.38,0.385,0.38,0.38,231850.0
"Dec 06, 2017 00:00:00",0.38,0.38,0.375,0.375,173800.0
"Dec 07, 2017 00:00:00",0.37,0.38,0.365,0.38,180900.0
"Dec 08, 2017 00:00:00",0.37,0.37,0.37,0.37,37000.0
"Dec 11, 2017 00:00:00",0.38,0.38,0.38,0.38,114000.0
"Dec 12, 2017 00:00:00",0.365,0.38,0.36,0.38,304750.0
"Dec 13, 2017 00:00:00",0.365,0.365,0.365,0.365,146000.0
"Dec 14, 2017 00:00:00",0.385,0.405,0.385,0.395,369750.0
"Dec 15, 2017 00:00:00",0.405,0.425,0.39,0.4,2200700.0
"Dec 18, 2017 00:00:00",0.405,0.45,0.405,0.43,6545950.0
"Dec 19, 2017 00:00:00",0.435,0.445,0.42,0.435,5130050.0
"Dec 20, 2017 00:00:00",0.44,0.455,0.435,0.455,4399650.0
"Dec 21, 2017 00:00:00",0.445,0.47,0.445,0.46,3051950.0
"Dec 22, 2017 00:00:00",0.46,0.48,0.46,0.46,5029750.0
"Dec 27, 2017 00:00:00",0.465,0.485,0.465,0.485,3581350.0
"Dec 28, 2017 00:00:00",0.485,0.485,0.475,0.475,3366350.0
"Dec 29, 2017 00:00:00",0.475,0.475,0.45,0.46,1725500.0
"Jan 03, 2018 00:00:00",0.46,0.48,0.46,0.47,180450.0
"Jan 04, 2018 00:00:00",0.46,0.465,0.46,0.465,717850.0
"Jan 05, 2018 00:00:00",0.46,0.465,0.45,0.455,874850.0
"Jan 08, 2018 00:00:00",0.455,0.48,0.45,0.48,1477700.0
"Jan 09, 2018 00:00:00",0.48,0.495,0.48,0.495,3705850.0
"Jan 10, 2018 00:00:00",0.495,0.52,0.49,0.495,6846650.0
"Jan 11, 2018 00:00:00",0.5,0.5,0.49,0.49,1169050.0
"Jan 12, 2018 00:00:00",0.49,0.5,0.48,0.49,841600.0
"Jan 15, 2018 00:00:00",0.495,0.5,0.495,0.5,550600.0
"Jan 16, 2018 00:00:00",0.5,0.5,0.31,0.445,2307605.0
"Jan 17, 2018 00:00:00",0.45,0.46,0.445,0.46,1661950.0
"Jan 18, 2018 00:00:00",0.46,0.46,0.46,0.46,9200.0
"Jan 19, 2018 00:00:00",0.46,0.46,0.445,0.45,328500.0
"Jan 22, 2018 00:00:00",0.46,0.46,0.445,0.46,1279900.0
"Jan 23, 2018 00:00:00",0.455,0.46,0.45,0.45,1046450.0
"Jan 24, 2018 00:00:00",0.465,0.465,0.45,0.465,1420400.0
"Jan 25, 2018 00:00:00",0.48,0.51,0.47,0.48,7254800.0
"Jan 26, 2018 00:00:00",0.49,0.49,0.455,0.465,470900.0
"Jan 29, 2018 00:00:00",0.49,0.495,0.49,0.495,9850.0
"Jan 30, 2018 00:00:00",0.46,0.5,0.455,0.5,1685900.0
"Jan 31, 2018 00:00:00",0.5,0.75,0.5,0.64,80879710.0
"Feb 01, 2018 00:00:00",0.65,0.66,0.55,0.56,22905880.0
"Feb 02, 2018 00:00:00",0.59,0.59,0.54,0.57,5155980.0
"Feb 05, 2018 00:00:00",0.57,0.63,0.54,0.57,13673440.0
"Feb 06, 2018 00:00:00",0.56,0.59,0.54,0.55,7566920.0
"Feb 07, 2018 00:00:00",0.57,0.65,0.57,0.6,14348410.0
"Feb 08, 2018 00:00:00",0.62,0.65,0.6,0.63,8105420.0
"Feb 09, 2018 00:00:00",0.63,0.63,0.6,0.62,5736450.0
"Feb 12, 2018 00:00:00",0.62,0.63,0.6,0.61,5123530.0
"Feb 13, 2018 00:00:00",0.62,0.72,0.62,0.7,21913740.0
"Feb 14, 2018 00:00:00",0.72,0.74,0.67,0.67,10953560.0
"Feb 15, 2018 00:00:00",0.67,0.67,0.61,0.63,11436910.0
"Feb 19, 2018 00:00:00",0.63,0.63,0.6,0.61,2316150.0
"Feb 20, 2018 00:00:00",0.62,0.63,0.61,0.63,1077940.0
"Feb 21, 2018 00:00:00",0.64,0.65,0.61,0.62,1988960.0
"Feb 22, 2018 00:00:00",0.62,0.62,0.6,0.6,5028810.0
"Feb 23, 2018 00:00:00",0.6,0.64,0.6,0.64,4848090.0
"Feb 26, 2018 00:00:00",0.65,0.68,0.64,0.68,4506640.0
"Feb 27, 2018 00:00:00",0.69,0.69,0.65,0.66,4087630.0
"Feb 28, 2018 00:00:00",0.66,0.68,0.66,0.66,2154020.0
"Mar 01, 2018 00:00:00",0.66,0.67,0.65,0.65,2874830.0
"Mar 02, 2018 00:00:00",0.65,0.74,0.65,0.69,25120220.0
"Mar 05, 2018 00:00:00",0.69,0.72,0.67,0.67,6024280.0
"Mar 06, 2018 00:00:00",0.69,0.7,0.66,0.68,1754940.0
"Mar 07, 2018 00:00:00",0.68,0.69,0.67,0.69,219790.0
"Mar 08, 2018 00:00:00",0.68,0.68,0.67,0.68,819210.0
"Mar 09, 2018 00:00:00",0.67,0.68,0.66,0.68,555780.0
"Mar 12, 2018 00:00:00",0.68,0.68,0.66,0.66,2017760.0
"Mar 13, 2018 00:00:00",0.66,0.66,0.66,0.66,1089660.0
"Mar 14, 2018 00:00:00",0.65,0.67,0.65,0.65,2435570.0
"Mar 15, 2018 00:00:00",0.66,0.67,0.64,0.67,1567410.0
"Mar 16, 2018 00:00:00",0.65,0.66,0.64,0.66,1021500.0
"Mar 19, 2018 00:00:00",0.65,0.65,0.6,0.6,10131420.0
"Mar 20, 2018 00:00:00",0.59,0.59,0.57,0.57,2674130.0
"Mar 21, 2018 00:00:00",0.58,0.6,0.58,0.58,907480.0
"Mar 22, 2018 00:00:00",0.58,0.59,0.58,0.59,176540.0
"Mar 23, 2018 00:00:00",0.59,0.59,0.57,0.57,178090.0
"Mar 26, 2018 00:00:00",0.57,0.59,0.57,0.58,316690.0
"Mar 27, 2018 00:00:00",0.59,0.59,0.58,0.58,64020.0
"Mar 28, 2018 00:00:00",0.59,0.59,0.58,0.58,122580.0
"Apr 02, 2018 00:00:00",0.59,0.62,0.59,0.6,1348700.0
"Apr 03, 2018 00:00:00",0.62,0.66,0.62,0.66,3352320.0
"Apr 04, 2018 00:00:00",0.66,0.68,0.65,0.66,1679990.0
"Apr 05, 2018 00:00:00",0.65,0.66,0.65,0.66,1657210.0
"Apr 06, 2018 00:00:00",0.65,0.65,0.64,0.65,535870.0
"Apr 10, 2018 00:00:00",0.65,0.66,0.65,0.65,1498260.0
"Apr 11, 2018 00:00:00",0.65,0.67,0.65,0.66,1254410.0
"Apr 12, 2018 00:00:00",0.66,0.67,0.64,0.64,261060.0
"Apr 13, 2018 00:00:00",0.65,0.67,0.65,0.66,1498780.0
"Apr 16, 2018 00:00:00",0.67,0.68,0.66,0.67,1916740.0
"Apr 17, 2018 00:00:00",0.66,0.66,0.65,0.65,2478110.0
"Apr 18, 2018 00:00:00",0.63,0.64,0.61,0.64,3037250.0
"Apr 19, 2018 00:00:00",0.62,0.62,0.6,0.62,3384270.0
"Apr 20, 2018 00:00:00",0.62,0.64,0.61,0.64,78210.0
"Apr 23, 2018 00:00:00",0.62,0.65,0.62,0.65,141010.0
"Apr 24, 2018 00:00:00",0.61,0.65,0.61,0.63,623620.0
"Apr 25, 2018 00:00:00",0.61,0.63,0.61,0.63,865600.0
"Apr 26, 2018 00:00:00",0.63,0.65,0.62,0.64,437270.0
"Apr 27, 2018 00:00:00",0.61,0.66,0.61,0.64,1524180.0
"Apr 30, 2018 00:00:00",0.65,0.68,0.65,0.68,2907530.0
"May 02, 2018 00:00:00",0.68,0.71,0.68,0.7,9149010.0
"May 03, 2018 00:00:00",0.72,0.76,0.68,0.7,31041190.0
"May 04, 2018 00:00:00",0.69,0.69,0.66,0.66,4151840.0
"May 07, 2018 00:00:00",0.65,0.69,0.65,0.66,1443880.0
"May 08, 2018 00:00:00",0.65,0.67,0.64,0.64,2973520.0
"May 09, 2018 00:00:00",0.64,0.66,0.64,0.66,213020.0
"May 10, 2018 00:00:00",0.66,0.66,0.65,0.65,131980.0
"May 11, 2018 00:00:00",0.65,0.66,0.64,0.65,792960.0
"May 15, 2018 00:00:00",0.66,0.69,0.65,0.68,1914950.0
"May 16, 2018 00:00:00",0.68,0.69,0.67,0.69,602760.0
"May 17, 2018 00:00:00",0.68,0.69,0.66,0.68,2968830.0
"May 18, 2018 00:00:00",0.67,0.71,0.67,0.7,3986730.0
"May 21, 2018 00:00:00",0.71,0.75,0.7,0.74,7277920.0
"May 22, 2018 00:00:00",0.74,0.74,0.72,0.74,2088230.0
"May 23, 2018 00:00:00",0.73,0.74,0.7,0.7,3235560.0
"May 24, 2018 00:00:00",0.72,0.72,0.7,0.7,1896900.0
"May 25, 2018 00:00:00",0.71,0.71,0.69,0.69,862130.0
"May 28, 2018 00:00:00",0.7,0.73,0.7,0.72,1013600.0
"May 29, 2018 00:00:00",0.72,0.74,0.7,0.7,4050140.0
"May 30, 2018 00:00:00",0.71,0.71,0.68,0.7,2150160.0
"May 31, 2018 00:00:00",0.71,0.71,0.67,0.68,346180.0
"Jun 01, 2018 00:00:00",0.68,0.7,0.68,0.7,2052700.0
"Jun 04, 2018 00:00:00",0.69,0.71,0.68,0.69,235390.0
"Jun 05, 2018 00:00:00",0.69,0.69,0.67,0.68,687640.0
"Jun 06, 2018 00:00:00",0.7,0.7,0.68,0.7,720310.0
"Jun 07, 2018 00:00:00",0.69,0.7,0.69,0.69,405570.0
"Jun 08, 2018 00:00:00",0.7,0.7,0.68,0.69,266770.0
"Jun 11, 2018 00:00:00",0.68,0.7,0.68,0.7,46300.0
"Jun 13, 2018 00:00:00",0.69,0.7,0.69,0.7,274650.0
"Jun 14, 2018 00:00:00",0.7,0.7,0.69,0.7,1357500.0
"Jun 18, 2018 00:00:00",0.7,0.7,0.68,0.68,716040.0
"Jun 19, 2018 00:00:00",0.67,0.68,0.65,0.65,1120550.0
"Jun 20, 2018 00:00:00",0.65,0.66,0.64,0.66,1162780.0
"Jun 21, 2018 00:00:00",0.66,0.66,0.63,0.64,1295520.0
"Jun 22, 2018 00:00:00",0.63,0.64,0.62,0.64,3023680.0
"Jun 25, 2018 00:00:00",0.64,0.66,0.64,0.64,179710.0
"Jun 26, 2018 00:00:00",0.61,0.64,0.61,0.63,220100.0
"Jun 27, 2018 00:00:00",0.63,0.64,0.63,0.63,161620.0
"Jun 28, 2018 00:00:00",0.63,0.64,0.63,0.64,1910.0
"Jun 29, 2018 00:00:00",0.64,0.67,0.64,0.66,1112040.0
"Jul 02, 2018 00:00:00",0.67,0.69,0.67,0.68,818740.0
"Jul 03, 2018 00:00:00",0.69,0.7,0.68,0.69,863640.0
"Jul 04, 2018 00:00:00",0.66,0.72,0.66,0.69,2692040.0
"Jul 05, 2018 00:00:00",0.7,0.72,0.69,0.72,9187430.0
"Jul 06, 2018 00:00:00",0.71,0.71,0.7,0.7,3113670.0
"Jul 09, 2018 00:00:00",0.71,0.71,0.71,0.71,71000.0
"Jul 10, 2018 00:00:00",0.7,0.71,0.69,0.69,454000.0
"Jul 11, 2018 00:00:00",0.68,0.69,0.68,0.69,713760.0
"Jul 12, 2018 00:00:00",0.68,0.73,0.68,0.73,4915850.0
"Jul 13, 2018 00:00:00",0.73,0.81,0.73,0.73,39083150.0
"Jul 16, 2018 00:00:00",0.74,0.74,0.7,0.72,1827880.0
"Jul 17, 2018 00:00:00",0.72,0.74,0.72,0.74,518080.0
"Jul 18, 2018 00:00:00",0.74,0.74,0.72,0.73,1741010.0
"Jul 19, 2018 00:00:00",0.73,0.75,0.73,0.74,2412880.0
"Jul 20, 2018 00:00:00",0.74,0.78,0.73,0.78,6812220.0
"Jul 23, 2018 00:00:00",0.79,0.82,0.79,0.81,9516030.0
"Jul 24, 2018 00:00:00",0.81,0.82,0.8,0.81,4717720.0
"Jul 25, 2018 00:00:00",0.81,0.81,0.76,0.79,7148390.0
"Jul 26, 2018 00:00:00",0.79,0.88,0.79,0.83,22058110.0
"Jul 27, 2018 00:00:00",0.84,0.89,0.82,0.89,20598340.0
"Jul 30, 2018 00:00:00",0.89,0.96,0.87,0.93,37815890.0
"Jul 31, 2018 00:00:00",0.95,0.98,0.93,0.95,25824020.0
"Aug 01, 2018 00:00:00",0.97,1.04,0.93,1.02,34032820.0
"Aug 02, 2018 00:00:00",1.02,1.08,1.02,1.05,23712480.0
"Aug 03, 2018 00:00:00",1.06,1.21,1.06,1.2,40519220.0
"Aug 06, 2018 00:00:00",1.22,1.67,1.22,1.35,75902900.0
"Aug 07, 2018 00:00:00",1.47,1.47,1.36,1.42,16738160.0
"Aug 08, 2018 00:00:00",1.43,1.6,1.39,1.58,36788480.0
"Aug 09, 2018 00:00:00",1.65,1.7,1.52,1.55,26711500.0
"Aug 10, 2018 00:00:00",1.49,1.53,1.41,1.41,43785980.0
"Aug 13, 2018 00:00:00",1.43,1.5,1.34,1.39,41501620.0
"Aug 14, 2018 00:00:00",1.34,1.42,1.26,1.38,27274560.0
"Aug 15, 2018 00:00:00",1.42,1.43,1.32,1.34,15816470.0
"Aug 16, 2018 00:00:00",1.32,1.4,1.32,1.38,3489790.0
"Aug 17, 2018 00:00:00",1.38,1.43,1.38,1.42,7757500.0
"Aug 20, 2018 00:00:00",1.43,1.51,1.42,1.43,17606080.0
"Aug 22, 2018 00:00:00",1.46,1.47,1.43,1.44,2484320.0
"Aug 23, 2018 00:00:00",1.42,1.49,1.4,1.45,8996220.0
"Aug 24, 2018 00:00:00",1.47,1.54,1.43,1.47,20932990.0
"Aug 28, 2018 00:00:00",1.51,1.54,1.48,1.52,6613610.0
"Aug 29, 2018 00:00:00",1.54,1.58,1.51,1.56,7795320.0
"Aug 30, 2018 00:00:00",1.56,1.56,1.45,1.49,5191900.0
"Aug 31, 2018 00:00:00",1.49,1.5,1.47,1.48,1915050.0
"Sep 03, 2018 00:00:00",1.48,1.51,1.48,1.5,2410680.0
"Sep 04, 2018 00:00:00",1.5,1.51,1.47,1.49,2893450.0
"Sep 05, 2018 00:00:00",1.5,1.5,1.4,1.42,10091210.0
"Sep 06, 2018 00:00:00",1.42,1.44,1.36,1.37,5240910.0
"Sep 07, 2018 00:00:00",1.36,1.39,1.36,1.38,5435680.0
"Sep 10, 2018 00:00:00",1.4,1.4,1.37,1.38,1841980.0
"Sep 11, 2018 00:00:00",1.37,1.37,1.3,1.32,6492870.0
"Sep 12, 2018 00:00:00",1.33,1.39,1.32,1.33,4728810.0
"Sep 13, 2018 00:00:00",1.34,1.37,1.34,1.35,2149920.0
"Sep 14, 2018 00:00:00",1.35,1.36,1.33,1.34,623700.0
"Sep 17, 2018 00:00:00",1.33,1.35,1.33,1.34,129550.0
"Sep 18, 2018 00:00:00",1.34,1.34,1.31,1.33,3784110.0
"Sep 19, 2018 00:00:00",1.34,1.34,1.3,1.3,904220.0
"Sep 20, 2018 00:00:00",1.3,1.3,1.23,1.26,3351170.0
"Sep 21, 2018 00:00:00",1.25,1.25,1.23,1.24,673800.0
"Sep 21, 2018 00:00:00",1.25,1.25,1.23,1.24,673800.0
"Sep 24, 2018 00:00:00",1.23,1.23,1.17,1.18,9274300.0
"Sep 24, 2018 00:00:00",1.23,1.23,1.17,1.18,9274300.0
"Sep 25, 2018 00:00:00",1.17,1.2,1.13,1.16,3264110.0
"Sep 26, 2018 00:00:00",1.13,1.22,1.06,1.15,9771470.0
"Sep 27, 2018 00:00:00",1.16,1.16,1.12,1.13,2487570.0
"Sep 28, 2018 00:00:00",1.24,1.3,1.2,1.28,10765590.0
"Oct 01, 2018 00:00:00",1.31,1.33,1.31,1.31,7554650.0
"Oct 02, 2018 00:00:00",1.31,1.33,1.29,1.32,2972490.0
"Oct 03, 2018 00:00:00",1.33,1.36,1.33,1.34,1249300.0
"Oct 04, 2018 00:00:00",1.35,1.35,1.27,1.27,3090320.0
"Oct 05, 2018 00:00:00",1.28,1.28,1.22,1.24,2060800.0
"Oct 08, 2018 00:00:00",1.24,1.25,1.18,1.2,2373620.0
"Oct 09, 2018 00:00:00",1.19,1.21,1.14,1.16,3627640.0
"Oct 10, 2018 00:00:00",1.15,1.19,1.15,1.18,2775720.0
"Oct 11, 2018 00:00:00",1.18,1.18,1.13,1.14,1640250.0
"Oct 12, 2018 00:00:00",1.13,1.17,1.09,1.17,6447590.0
"Oct 15, 2018 00:00:00",1.17,1.2,1.17,1.18,2601500.0
"Oct 16, 2018 00:00:00",1.18,1.21,1.17,1.19,3718770.0
"Oct 17, 2018 00:00:00",1.19,1.23,1.15,1.22,3213370.0
"Oct 18, 2018 00:00:00",1.23,1.23,1.2,1.21,1407470.0
"Oct 19, 2018 00:00:00",1.2,1.2,1.18,1.19,2369190.0
"Oct 22, 2018 00:00:00",1.18,1.23,1.18,1.23,2985400.0
"Oct 23, 2018 00:00:00",1.23,1.29,1.23,1.26,6329960.0
"Oct 24, 2018 00:00:00",1.26,1.27,1.25,1.25,2216730.0
"Oct 25, 2018 00:00:00",1.24,1.24,1.2,1.2,3752400.0
"Oct 26, 2018 00:00:00",1.22,1.24,1.22,1.23,1731060.0
"Oct 29, 2018 00:00:00",1.24,1.24,1.21,1.21,559370.0
"Oct 30, 2018 00:00:00",1.23,1.28,1.23,1.27,2182010.0
"Oct 31, 2018 00:00:00",1.27,1.34,1.27,1.28,4113800.0
"Nov 05, 2018 00:00:00",1.3,1.36,1.3,1.36,4212860.0
"Nov 06, 2018 00:00:00",1.37,1.41,1.35,1.37,8132430.0
"Nov 07, 2018 00:00:00",1.41,1.41,1.17,1.2,9664360.0
"Nov 08, 2018 00:00:00",1.23,1.3,1.18,1.3,3518390.0
"Nov 09, 2018 00:00:00",1.33,1.37,1.3,1.36,4982050.0
"Nov 12, 2018 00:00:00",1.36,1.45,1.32,1.42,9042250.0
"Nov 13, 2018 00:00:00",1.43,1.45,1.38,1.39,3957130.0
"Nov 14, 2018 00:00:00",1.42,1.44,1.41,1.43,1112570.0
"Nov 15, 2018 00:00:00",1.44,1.51,1.44,1.47,10904800.0
"Nov 16, 2018 00:00:00",1.47,1.49,1.43,1.47,8263310.0
"Nov 19, 2018 00:00:00",1.49,1.49,1.47,1.48,857180.0
"Nov 20, 2018 00:00:00",1.49,1.49,1.46,1.47,1458220.0
"Nov 21, 2018 00:00:00",1.46,1.46,1.4,1.41,3774130.0
"Nov 22, 2018 00:00:00",1.39,1.42,1.39,1.42,796100.0
"Nov 23, 2018 00:00:00",1.43,1.43,1.39,1.42,576260.0
"Nov 26, 2018 00:00:00",1.42,1.43,1.42,1.43,755540.0
"Nov 27, 2018 00:00:00",1.43,1.49,1.43,1.47,6739620.0
"Nov 28, 2018 00:00:00",1.5,1.57,1.46,1.46,15843570.0
"Nov 29, 2018 00:00:00",1.47,1.51,1.47,1.51,2751940.0
"Dec 03, 2018 00:00:00",1.51,1.55,1.51,1.51,467130.0
"Dec 04, 2018 00:00:00",1.5,1.5,1.45,1.46,3207700.0
"Dec 05, 2018 00:00:00",1.44,1.47,1.41,1.42,5993540.0
"Dec 06, 2018 00:00:00",1.4,1.4,1.35,1.4,4163700.0
"Dec 07, 2018 00:00:00",1.4,1.42,1.36,1.37,3225380.0
"Dec 10, 2018 00:00:00",1.37,1.39,1.34,1.37,3351230.0
"Dec 11, 2018 00:00:00",1.37,1.37,1.35,1.36,1004500.0
"Dec 12, 2018 00:00:00",1.35,1.43,1.35,1.43,4912350.0
"Dec 13, 2018 00:00:00",1.43,1.43,1.41,1.43,69470.0
"Dec 14, 2018 00:00:00",1.4,1.4,1.37,1.38,791880.0
"Dec 17, 2018 00:00:00",1.36,1.41,1.36,1.4,398610.0
"Dec 18, 2018 00:00:00",1.34,1.39,1.33,1.36,356080.0
"Dec 19, 2018 00:00:00",1.36,1.39,1.36,1.36,1148150.0
"Dec 20, 2018 00:00:00",1.38,1.38,1.36,1.36,546000.0
"Dec 21, 2018 00:00:00",1.38,1.39,1.37,1.39,1462900.0
"Dec 26, 2018 00:00:00",1.38,1.38,1.38,1.38,423660.0
"Dec 27, 2018 00:00:00",1.35,1.4,1.34,1.39,573760.0
"Dec 28, 2018 00:00:00",1.4,1.46,1.4,1.42,8252090.0
"Jan 02, 2019 00:00:00",1.43,1.46,1.41,1.41,2068610.0
"Jan 03, 2019 00:00:00",1.41,1.47,1.41,1.44,1743490.0
"Jan 04, 2019 00:00:00",1.46,1.47,1.45,1.47,2308470.0
"Jan 07, 2019 00:00:00",1.48,1.49,1.4,1.44,15440880.0
"Jan 08, 2019 00:00:00",1.44,1.44,1.44,1.44,54720.0
"Jan 09, 2019 00:00:00",1.45,1.45,1.39,1.42,5757400.0
"Jan 10, 2019 00:00:00",1.41,1.44,1.41,1.42,951170.0
"Jan 11, 2019 00:00:00",1.43,1.46,1.43,1.46,908800.0
"Jan 14, 2019 00:00:00",1.47,1.48,1.43,1.47,1601300.0
"Jan 15, 2019 00:00:00",1.48,1.48,1.46,1.46,984440.0
"Jan 16, 2019 00:00:00",1.44,1.44,1.42,1.43,4724630.0
"Jan 17, 2019 00:00:00",1.43,1.46,1.43,1.43,730800.0
"Jan 18, 2019 00:00:00",1.43,1.43,1.41,1.42,3412220.0
"Jan 21, 2019 00:00:00",1.45,1.54,1.45,1.53,10491040.0
"Jan 22, 2019 00:00:00",1.56,1.59,1.54,1.56,7426490.0
"Jan 23, 2019 00:00:00",1.56,1.56,1.47,1.47,8805210.0
"Jan 24, 2019 00:00:00",1.48,1.5,1.47,1.48,1193780.0
"Jan 25, 2019 00:00:00",1.47,1.47,1.44,1.44,5416270.0
"Jan 28, 2019 00:00:00",1.44,1.45,1.42,1.43,4096590.0
"Jan 29, 2019 00:00:00",1.43,1.45,1.41,1.45,2537940.0
"Jan 30, 2019 00:00:00",1.45,1.47,1.41,1.47,1165070.0
"Jan 31, 2019 00:00:00",1.47,1.48,1.46,1.46,527400.0
"Feb 01, 2019 00:00:00",1.46,1.49,1.45,1.48,1066650.0
"Feb 04, 2019 00:00:00",1.47,1.47,1.41,1.45,3308200.0
"Feb 06, 2019 00:00:00",1.44,1.44,1.4,1.43,2496060.0
"Feb 07, 2019 00:00:00",1.42,1.45,1.42,1.44,590740.0
"Feb 08, 2019 00:00:00",1.45,1.45,1.43,1.45,3124180.0
"Feb 11, 2019 00:00:00",1.44,1.45,1.43,1.43,1072730.0
"Feb 12, 2019 00:00:00",1.45,1.5,1.45,1.47,4872800.0
"Feb 13, 2019 00:00:00",1.47,1.47,1.42,1.44,2622630.0
"Feb 14, 2019 00:00:00",1.42,1.45,1.42,1.45,409280.0
"Feb 15, 2019 00:00:00",1.45,1.46,1.44,1.45,1928340.0
"Feb 18, 2019 00:00:00",1.44,1.47,1.42,1.44,755080.0
"Feb 19, 2019 00:00:00",1.49,1.49,1.38,1.41,2113360.0
"Feb 20, 2019 00:00:00",1.47,1.47,1.39,1.42,122910.0
"Feb 21, 2019 00:00:00",1.42,1.42,1.4,1.42,703580.0
"Feb 22, 2019 00:00:00",1.43,1.43,1.38,1.39,2470300.0
"Feb 26, 2019 00:00:00",1.39,1.4,1.38,1.39,749370.0
"Feb 27, 2019 00:00:00",1.4,1.43,1.4,1.42,1753230.0
"Feb 28, 2019 00:00:00",1.43,1.48,1.43,1.43,6581600.0
"Mar 01, 2019 00:00:00",1.43,1.52,1.43,1.51,12273480.0
"Mar 04, 2019 00:00:00",1.53,1.56,1.47,1.47,6646720.0
"Mar 05, 2019 00:00:00",1.47,1.48,1.43,1.45,2309610.0
"Mar 06, 2019 00:00:00",1.45,1.47,1.45,1.47,882060.0
"Mar 07, 2019 00:00:00",1.47,1.48,1.41,1.42,2513660.0
"Mar 08, 2019 00:00:00",1.45,1.46,1.43,1.45,711410.0
"Mar 11, 2019 00:00:00",1.44,1.45,1.41,1.42,1234520.0
"Mar 12, 2019 00:00:00",1.42,1.44,1.42,1.44,32720.0
"Mar 13, 2019 00:00:00",1.43,1.43,1.4,1.41,1426950.0
"Mar 14, 2019 00:00:00",1.41,1.41,1.39,1.41,434310.0
"Mar 15, 2019 00:00:00",1.41,1.45,1.41,1.45,996030.0
"Mar 18, 2019 00:00:00",1.43,1.43,1.43,1.43,10010.0
"Mar 19, 2019 00:00:00",1.4,1.4,1.37,1.38,2388110.0
"Mar 20, 2019 00:00:00",1.37,1.39,1.37,1.39,232310.0
"Mar 21, 2019 00:00:00",1.44,1.45,1.39,1.45,3108710.0
"Mar 22, 2019 00:00:00",1.44,1.46,1.44,1.44,2242100.0
"Mar 25, 2019 00:00:00",1.44,1.44,1.42,1.42,1505080.0
"Mar 26, 2019 00:00:00",1.43,1.52,1.43,1.48,4753640.0
"Mar 27, 2019 00:00:00",1.48,1.49,1.46,1.48,2259240.0
"Mar 28, 2019 00:00:00",1.43,1.47,1.42,1.45,2052320.0
"Apr 01, 2019 00:00:00",1.42,1.42,1.4,1.4,338750.0
"Apr 02, 2019 00:00:00",1.39,1.39,1.36,1.38,2881360.0
"Apr 03, 2019 00:00:00",1.37,1.41,1.37,1.41,43880.0
"Apr 04, 2019 00:00:00",1.38,1.39,1.38,1.39,658600.0
"Apr 05, 2019 00:00:00",1.38,1.39,1.37,1.39,568890.0
"Apr 08, 2019 00:00:00",1.38,1.4,1.38,1.4,571590.0
"Apr 10, 2019 00:00:00",1.39,1.42,1.39,1.42,306460.0
"Apr 11, 2019 00:00:00",1.42,1.44,1.42,1.43,1007440.0
"Apr 12, 2019 00:00:00",1.45,1.46,1.44,1.46,476960.0
"Apr 15, 2019 00:00:00",1.44,1.44,1.42,1.42,1880730.0
"Apr 16, 2019 00:00:00",1.41,1.42,1.41,1.42,511920.0
"Apr 17, 2019 00:00:00",1.41,1.43,1.41,1.43,227160.0
"Apr 22, 2019 00:00:00",1.4,1.43,1.4,1.43,77150.0
"Apr 23, 2019 00:00:00",1.41,1.41,1.4,1.41,288050.0
"Apr 24, 2019 00:00:00",1.41,1.41,1.39,1.4,938780.0
"Apr 25, 2019 00:00:00",1.4,1.4,1.39,1.4,579590.0
"Apr 26, 2019 00:00:00",1.4,1.4,1.4,1.4,1006600.0
"Apr 29, 2019 00:00:00",1.39,1.4,1.39,1.4,253000.0
"Apr 30, 2019 00:00:00",1.38,1.45,1.38,1.45,178320.0
"May 02, 2019 00:00:00",1.4,1.4,1.4,1.4,296800.0
"May 03, 2019 00:00:00",1.4,1.4,1.4,1.4,329000.0
"May 06, 2019 00:00:00",1.39,1.39,1.37,1.38,2131340.0
"May 07, 2019 00:00:00",1.4,1.4,1.38,1.38,73200.0
"May 08, 2019 00:00:00",1.39,1.39,1.36,1.37,1132240.0
"May 09, 2019 00:00:00",1.37,1.37,1.35,1.36,714890.0
"May 10, 2019 00:00:00",1.36,1.36,1.35,1.36,790900.0
"May 14, 2019 00:00:00",1.34,1.34,1.3,1.31,1549530.0
"May 15, 2019 00:00:00",1.33,1.33,1.3,1.3,763130.0
"May 16, 2019 00:00:00",1.29,1.34,1.26,1.34,275780.0
"May 17, 2019 00:00:00",1.28,1.32,1.28,1.32,138780.0
"May 20, 2019 00:00:00",1.28,1.32,1.28,1.32,62960.0
"May 21, 2019 00:00:00",1.27,1.32,1.27,1.29,54080.0
"May 22, 2019 00:00:00",1.27,1.27,1.27,1.27,17780.0
"May 23, 2019 00:00:00",1.29,1.29,1.27,1.27,153690.0
"May 24, 2019 00:00:00",1.26,1.26,1.26,1.26,28980.0
"May 27, 2019 00:00:00",1.25,1.25,1.21,1.24,508230.0
"May 28, 2019 00:00:00",1.23,1.26,1.23,1.26,377800.0
"May 29, 2019 00:00:00",1.23,1.25,1.23,1.25,7420.0
"May 30, 2019 00:00:00",1.26,1.26,1.24,1.24,320950.0
"Jun 03, 2019 00:00:00",1.26,1.26,1.26,1.26,35280.0
"Jun 04, 2019 00:00:00",1.27,1.29,1.26,1.28,681570.0
"Jun 06, 2019 00:00:00",1.27,1.27,1.26,1.27,349610.0
"Jun 07, 2019 00:00:00",1.29,1.32,1.29,1.32,190590.0
"Jun 10, 2019 00:00:00",1.3,1.3,1.24,1.24,329660.0
"Jun 13, 2019 00:00:00",1.25,1.28,1.24,1.28,220970.0
"Jun 14, 2019 00:00:00",1.3,1.34,1.29,1.32,1723340.0
"Jun 17, 2019 00:00:00",1.34,1.34,1.3,1.32,693340.0
"Jun 18, 2019 00:00:00",1.3,1.3,1.3,1.3,201500.0
"Jun 19, 2019 00:00:00",1.31,1.38,1.31,1.36,927050.0
"Jun 20, 2019 00:00:00",1.36,1.4,1.36,1.4,974510.0
"Jun 21, 2019 00:00:00",1.4,1.4,1.36,1.38,224340.0
"Jun 24, 2019 00:00:00",1.36,1.37,1.36,1.37,210850.0
"Jun 25, 2019 00:00:00",1.37,1.39,1.35,1.39,579510.0
"Jun 26, 2019 00:00:00",1.37,1.38,1.36,1.38,688500.0
"Jun 27, 2019 00:00:00",1.39,1.42,1.39,1.42,1177600.0
"Jun 28, 2019 00:00:00",1.42,1.46,1.37,1.37,3665200.0
"Jul 01, 2019 00:00:00",1.37,1.38,1.35,1.35,847780.0
"Jul 02, 2019 00:00:00",1.36,1.38,1.33,1.34,1532680.0
"Jul 03, 2019 00:00:00",1.34,1.34,1.33,1.34,1496040.0
"Jul 04, 2019 00:00:00",1.33,1.33,1.31,1.31,2136830.0
"Jul 05, 2019 00:00:00",1.31,1.34,1.3,1.3,1099940.0
"Jul 08, 2019 00:00:00",1.32,1.32,1.32,1.32,93720.0
"Jul 09, 2019 00:00:00",1.38,1.38,1.3,1.3,246550.0
"Jul 10, 2019 00:00:00",1.3,1.38,1.28,1.35,409200.0
"Jul 11, 2019 00:00:00",1.28,1.32,1.28,1.32,129280.0
"Jul 12, 2019 00:00:00",1.31,1.31,1.28,1.31,1269160.0
"Jul 15, 2019 00:00:00",1.3,1.33,1.29,1.33,329610.0
"Jul 16, 2019 00:00:00",1.3,1.33,1.3,1.32,289090.0
"Jul 17, 2019 00:00:00",1.31,1.31,1.31,1.31,247590.0
"Jul 18, 2019 00:00:00",1.31,1.32,1.31,1.32,191310.0
"Jul 19, 2019 00:00:00",1.31,1.31,1.31,1.31,372040.0
"Jul 22, 2019 00:00:00",1.33,1.34,1.32,1.33,480390.0
"Jul 23, 2019 00:00:00",1.33,1.34,1.33,1.34,542600.0
"Jul 24, 2019 00:00:00",1.35,1.35,1.31,1.32,1354560.0
"Jul 25, 2019 00:00:00",1.3,1.31,1.3,1.3,461680.0
"Jul 26, 2019 00:00:00",1.29,1.33,1.29,1.33,469760.0
"Jul 29, 2019 00:00:00",1.32,1.35,1.32,1.35,246530.0
"Jul 30, 2019 00:00:00",1.35,1.36,1.3,1.33,1548110.0
"Jul 31, 2019 00:00:00",1.34,1.34,1.29,1.31,745600.0
"Aug 01, 2019 00:00:00",1.28,1.3,1.27,1.3,1102490.0
"Aug 02, 2019 00:00:00",1.27,1.33,1.26,1.33,709550.0
"Aug 05, 2019 00:00:00",1.28,1.28,1.26,1.26,1024100.0
"Aug 06, 2019 00:00:00",1.25,1.25,1.24,1.24,589700.0
"Aug 07, 2019 00:00:00",1.24,1.24,1.24,1.24,124000.0
"Aug 08, 2019 00:00:00",1.24,1.27,1.23,1.27,103370.0
"Aug 09, 2019 00:00:00",1.23,1.25,1.22,1.25,108910.0
"Aug 13, 2019 00:00:00",1.24,1.24,1.24,1.24,9920.0
"Aug 14, 2019 00:00:00",1.21,1.23,1.2,1.23,293420.0
"Aug 15, 2019 00:00:00",1.19,1.2,1.18,1.18,253680.0
"Aug 16, 2019 00:00:00",1.23,1.23,1.22,1.23,12290.0
"Aug 19, 2019 00:00:00",1.23,1.25,1.23,1.25,564600.0
"Aug 20, 2019 00:00:00",1.24,1.25,1.23,1.25,401950.0
"Aug 22, 2019 00:00:00",1.24,1.28,1.24,1.28,935900.0
"Aug 23, 2019 00:00:00",1.29,1.31,1.29,1.31,649550.0
"Aug 27, 2019 00:00:00",1.32,1.35,1.31,1.35,809460.0
"Aug 28, 2019 00:00:00",1.35,1.44,1.33,1.38,1534550.0
"Aug 29, 2019 00:00:00",1.31,1.35,1.31,1.33,596780.0
"Aug 30, 2019 00:00:00",1.37,1.37,1.31,1.31,352910.0
"Sep 02, 2019 00:00:00",1.29,1.29,1.28,1.28,557200.0
"Sep 03, 2019 00:00:00",1.28,1.28,1.26,1.28,470700.0
"Sep 04, 2019 00:00:00",1.26,1.26,1.26,1.26,299880.0
"Sep 05, 2019 00:00:00",1.26,1.26,1.25,1.26,1071760.0
"Sep 06, 2019 00:00:00",1.25,1.26,1.23,1.24,481860.0
"Sep 10, 2019 00:00:00",1.24,1.24,1.23,1.24,374030.0
"Sep 11, 2019 00:00:00",1.23,1.25,1.23,1.24,585400.0
"Sep 12, 2019 00:00:00",1.23,1.24,1.23,1.24,309240.0
"Sep 13, 2019 00:00:00",1.26,1.26,1.24,1.24,155040.0
"Sep 16, 2019 00:00:00",1.24,1.24,1.23,1.23,246190.0
"Sep 17, 2019 00:00:00",1.23,1.25,1.23,1.25,51700.0
"Sep 18, 2019 00:00:00",1.23,1.27,1.22,1.25,548990.0
"Sep 19, 2019 00:00:00",1.21,1.21,1.21,1.21,436810.0
"Sep 20, 2019 00:00:00",1.2,1.21,1.2,1.21,181210.0
"Sep 23, 2019 00:00:00",1.18,1.24,1.18,1.24,76760.0
"Sep 24, 2019 00:00:00",1.19,1.19,1.17,1.17,237530.0
"Sep 27, 2019 00:00:00",1.16,1.2,1.15,1.2,101290.0
"Oct 01, 2019 00:00:00",1.2,1.2,1.13,1.15,76130.0
"Oct 02, 2019 00:00:00",1.15,1.18,1.15,1.18,9230.0
"Oct 03, 2019 00:00:00",1.18,1.26,1.15,1.15,412320.0
"Oct 04, 2019 00:00:00",1.16,1.16,1.15,1.15,2310.0
"Oct 07, 2019 00:00:00",1.15,1.17,1.15,1.17,140320.0
"Oct 08, 2019 00:00:00",1.15,1.18,1.14,1.18,194590.0
"Oct 09, 2019 00:00:00",1.16,1.17,1.16,1.17,464500.0
"Oct 10, 2019 00:00:00",1.15,1.15,1.14,1.14,194300.0
"Oct 11, 2019 00:00:00",1.14,1.15,1.13,1.15,128170.0
"Oct 14, 2019 00:00:00",1.17,1.17,1.16,1.16,295840.0
"Oct 15, 2019 00:00:00",1.15,1.16,1.15,1.16,232320.0
"Oct 16, 2019 00:00:00",1.16,1.17,1.15,1.17,404030.0
"Oct 17, 2019 00:00:00",1.17,1.19,1.16,1.17,423380.0
"Oct 21, 2019 00:00:00",1.16,1.16,1.16,1.16,114840.0
"Oct 22, 2019 00:00:00",1.16,1.16,1.16,1.16,116000.0
"Oct 23, 2019 00:00:00",1.16,1.16,1.16,1.16,116000.0
"Oct 25, 2019 00:00:00",1.15,1.15,1.14,1.15,35450.0
"Oct 28, 2019 00:00:00",1.14,1.14,1.13,1.13,158600.0
"Oct 29, 2019 00:00:00",1.13,1.13,1.13,1.13,126560.0
"Nov 05, 2019 00:00:00",1.18,1.18,1.17,1.17,37740.0
"Nov 13, 2019 00:00:00",1.16,1.16,1.1,1.15,713460.0
"Nov 14, 2019 00:00:00",1.17,1.17,1.09,1.09,341330.0
"Nov 15, 2019 00:00:00",1.1,1.1,1.1,1.1,183700.0
"Nov 18, 2019 00:00:00",1.08,1.08,0.88,1.0,971330.0
"Nov 19, 2019 00:00:00",0.94,0.95,0.93,0.95,43110.0
"Nov 20, 2019 00:00:00",0.96,0.97,0.96,0.97,176500.0
"Nov 21, 2019 00:00:00",0.98,0.99,0.97,0.98,1282570.0
"Nov 22, 2019 00:00:00",0.97,0.98,0.96,0.97,361950.0
"Nov 25, 2019 00:00:00",0.97,0.98,0.96,0.98,439100.0
"Nov 26, 2019 00:00:00",0.97,0.97,0.9,0.94,1717620.0
"Nov 27, 2019 00:00:00",0.95,0.97,0.95,0.97,148350.0
"Nov 28, 2019 00:00:00",0.97,0.97,0.95,0.97,912240.0
"Nov 29, 2019 00:00:00",0.95,0.97,0.95,0.97,433550.0
"Dec 02, 2019 00:00:00",0.97,0.97,0.95,0.95,304400.0
"Dec 03, 2019 00:00:00",0.93,0.93,0.93,0.93,148800.0
"Dec 04, 2019 00:00:00",0.93,0.94,0.93,0.94,841500.0
"Dec 05, 2019 00:00:00",0.94,0.95,0.93,0.93,623450.0
"Dec 06, 2019 00:00:00",0.94,0.95,0.94,0.95,405540.0
"Dec 09, 2019 00:00:00",0.95,0.95,0.95,0.95,427500.0
"Dec 10, 2019 00:00:00",0.95,0.97,0.95,0.97,311450.0
"Dec 11, 2019 00:00:00",0.95,0.97,0.95,0.97,147350.0
"Dec 12, 2019 00:00:00",0.95,0.95,0.95,0.95,51300.0
"Dec 13, 2019 00:00:00",0.96,0.97,0.96,0.97,349980.0
"Dec 17, 2019 00:00:00",0.94,0.94,0.93,0.93,449120.0
"Dec 18, 2019 00:00:00",0.93,0.93,0.93,0.93,4650.0
"Dec 23, 2019 00:00:00",0.94,0.97,0.94,0.97,284910.0
"Dec 26, 2019 00:00:00",0.96,0.96,0.96,0.96,58560.0
"Dec 27, 2019 00:00:00",0.96,0.96,0.96,0.96,194880.0
"Jan 02, 2020 00:00:00",0.95,0.96,0.95,0.96,191920.0
"Jan 06, 2020 00:00:00",0.92,0.95,0.92,0.95,149130.0
"Jan 07, 2020 00:00:00",0.97,0.97,0.97,0.97,9700.0
"Jan 09, 2020 00:00:00",0.93,0.96,0.9,0.94,1858310.0
"Jan 10, 2020 00:00:00",0.92,0.95,0.92,0.95,147480.0
"Jan 14, 2020 00:00:00",0.93,0.95,0.93,0.95,400300.0
"Jan 15, 2020 00:00:00",0.94,0.95,0.94,0.94,582850.0
"Jan 16, 2020 00:00:00",0.95,1.02,0.95,0.97,1707170.0
"Jan 17, 2020 00:00:00",1.0,1.0,0.96,0.99,168150.0
"Jan 20, 2020 00:00:00",0.99,1.09,0.97,1.02,299390.0
"Jan 21, 2020 00:00:00",1.07,1.07,0.97,1.03,52850.0
"Jan 22, 2020 00:00:00",1.01,1.02,0.98,1.02,50560.0
"Jan 23, 2020 00:00:00",0.97,1.05,0.97,1.05,52720.0
"Jan 24, 2020 00:00:00",1.0,1.0,0.99,0.99,61920.0
"Jan 27, 2020 00:00:00",0.99,0.99,0.97,0.99,226680.0
"Jan 28, 2020 00:00:00",0.95,0.98,0.94,0.97,280900.0
"Jan 29, 2020 00:00:00",0.92,0.92,0.92,0.92,93840.0
"Jan 30, 2020 00:00:00",0.95,0.95,0.95,0.95,55100.0
"Jan 31, 2020 00:00:00",0.92,0.93,0.9,0.93,479700.0
"Feb 04, 2020 00:00:00",0.88,0.93,0.88,0.93,7970.0
"Feb 05, 2020 00:00:00",0.88,0.93,0.88,0.93,52660.0
"Feb 07, 2020 00:00:00",0.94,0.94,0.94,0.94,4700.0
"Feb 11, 2020 00:00:00",0.9,0.94,0.9,0.94,271840.0
"Feb 12, 2020 00:00:00",0.92,0.92,0.9,0.9,227000.0
"Feb 13, 2020 00:00:00",0.9,0.9,0.9,0.9,91800.0
"Feb 14, 2020 00:00:00",0.91,0.91,0.91,0.91,4550.0
"Feb 18, 2020 00:00:00",0.9,0.9,0.9,0.9,90000.0
"Feb 19, 2020 00:00:00",0.91,0.93,0.88,0.93,100050.0
"Feb 20, 2020 00:00:00",0.93,0.94,0.93,0.94,310630.0
"Feb 21, 2020 00:00:00",0.94,0.94,0.94,0.94,42300.0
"Feb 24, 2020 00:00:00",0.95,0.95,0.95,0.95,380000.0
"Feb 26, 2020 00:00:00",0.95,0.95,0.95,0.95,950.0
"Mar 03, 2020 00:00:00",0.9,0.92,0.9,0.92,171020.0
"Mar 05, 2020 00:00:00",0.9,0.93,0.9,0.93,285370.0
"Mar 09, 2020 00:00:00",0.88,0.88,0.8,0.82,295160.0
"Mar 10, 2020 00:00:00",0.89,0.89,0.89,0.89,890.0
"Mar 11, 2020 00:00:00",0.82,0.82,0.8,0.8,323400.0
"Mar 12, 2020 00:00:00",0.8,0.8,0.75,0.75,362800.0
"Mar 16, 2020 00:00:00",0.65,0.65,0.65,0.65,9750.0
"Mar 19, 2020 00:00:00",0.33,0.33,0.33,0.33,330.0
"Mar 20, 2020 00:00:00",0.49,0.495,0.48,0.48,1089600.0
"Mar 25, 2020 00:00:00",0.51,0.57,0.5,0.57,1135100.0
"Mar 26, 2020 00:00:00",0.6,0.6,0.55,0.6,315800.0
"Mar 27, 2020 00:00:00",0.55,0.62,0.55,0.62,585000.0
"Mar 30, 2020 00:00:00",0.53,0.54,0.53,0.53,27130.0
"Mar 31, 2020 00:00:00",0.6,0.6,0.53,0.53,13190.0
"Apr 01, 2020 00:00:00",0.56,0.56,0.56,0.56,17360.0
"Apr 02, 2020 00:00:00",0.56,0.56,0.55,0.55,41200.0
"Apr 03, 2020 00:00:00",0.56,0.56,0.56,0.56,560.0
"Apr 06, 2020 00:00:00",0.51,0.51,0.45,0.47,660945.0
"Apr 07, 2020 00:00:00",0.47,0.47,0.47,0.47,117500.0
"Apr 08, 2020 00:00:00",0.485,0.485,0.485,0.485,53350.0
"Apr 16, 2020 00:00:00",0.485,0.485,0.48,0.485,140550.0
"Apr 17, 2020 00:00:00",0.46,0.495,0.42,0.495,64450.0
"Apr 23, 2020 00:00:00",0.5,0.52,0.5,0.52,682400.0
"Apr 24, 2020 00:00:00",0.5,0.54,0.5,0.54,131600.0
"Apr 27, 2020 00:00:00",0.53,0.54,0.53,0.54,388500.0
"Apr 28, 2020 00:00:00",0.53,0.53,0.53,0.53,106000.0
"Apr 29, 2020 00:00:00",0.53,0.55,0.53,0.55,48900.0
"Apr 30, 2020 00:00:00",0.55,0.61,0.55,0.56,65530.0
"May 04, 2020 00:00:00",0.61,0.61,0.56,0.56,333300.0
"May 05, 2020 00:00:00",0.57,0.57,0.57,0.57,18810.0
"May 06, 2020 00:00:00",0.54,0.56,0.54,0.55,22450.0
"May 07, 2020 00:00:00",0.55,0.55,0.53,0.54,270080.0
"May 08, 2020 00:00:00",0.55,0.57,0.55,0.55,296060.0
"May 12, 2020 00:00:00",0.54,0.55,0.53,0.53,321360.0
"May 13, 2020 00:00:00",0.54,0.54,0.54,0.54,54540.0
"May 14, 2020 00:00:00",0.56,0.56,0.53,0.56,63420.0
"May 15, 2020 00:00:00",0.54,0.54,0.54,0.54,270000.0
"May 20, 2020 00:00:00",0.53,0.53,0.52,0.52,156040.0
"May 21, 2020 00:00:00",0.53,0.53,0.52,0.52,161600.0
"May 22, 2020 00:00:00",0.53,0.53,0.52,0.52,157020.0
"May 26, 2020 00:00:00",0.53,0.57,0.53,0.53,265570.0
"May 27, 2020 00:00:00",0.54,0.56,0.53,0.56,236290.0
"May 28, 2020 00:00:00",0.56,0.58,0.56,0.58,421810.0
"May 29, 2020 00:00:00",0.59,0.6,0.59,0.6,367600.0
